Date,Recorded at,Scheduled for,Amount,Activity,Pending,Raw description,Description,Category folder,Category,Street address,City,State,Zip,Latitude,Longitude,Memo
2020/04/26,,,-1.03,Pin purchase,false,SMITHS-FOOD #402 922 E. 2,Smiths Food,Food & Drink,Groceries,,Salt Lake City,UT,"",40.70491,-111.87924,
2020/04/26,,,-20.48,Pin purchase,false,SMITHS-FOOD #402,Smiths Food,Food & Drink,Groceries,922 E. 2100 SOUTH,Salt Lake City,UT,"",40.70491,-111.87924,
2020/04/26,,,-20.35,Pin purchase,false,WENDYS #6082,Wendys,Food & Drink,Fast Food,2240 S 1300 EAST,Salt Lake City,UT,"",40.70491,-111.87924,
2020/04/25,,,-74.33,Signature purchase,false,STATE FARM INSURANCE,State Farm Insurance,Transportation,Auto Insurance,,Bloomington,IL,61710,40.47773,-88.95417,
2020/04/24,,,-13.23,Pin purchase,false,SMITHS-FOOD #402,Smiths Food,Food & Drink,Groceries,922 E. 2100 SOUTH,Salt Lake City,UT,"",40.70491,-111.87924,
2020/04/24,,,-135.00,Pin purchase,false,SMITHS-FOOD #402,Smiths Food,Food & Drink,Groceries,922 E. 2100 SOUTH,Salt Lake City,UT,"",40.70491,-111.87924,
2020/04/24,,,-21.54,Signature purchase,false,STATE LIQUOR STORE 41,State Liquor Store,Food & Drink,Alcohol & Bars,,Salt Lake City,UT,84115,40.71811,-111.88938,
2020/04/22,,,-2650.00,ACH,false,DEBIT FOR  CAPITAL ONE N.A. CAPITALONE  CO REF- 000000147372134,Capital One N a Capitalone,Financial,Money Transfers,,,,,,,
2020/04/22,,,-6550.00,ACH,false,DEBIT FOR  CAPITAL ONE N.A. CAPITALONE  CO REF- 000036099256837,Capital One N a Capitalone,Financial,Money Transfers,,,,,,,
2020/04/22,,,-25.45,Signature purchase,false,SAWADEE THAI,Sawadee Thai,Food & Drink,Restaurants,,Salt Lake City,UT,84102,40.75925,-111.86371,
2020/04/21,,,-8.00,Signature purchase,false,SQ *NORMAL? ICE CREAM,Normal Ice Cream,Food & Drink,Other Food & Drink,,,,,,,
2020/04/21,,,-27.05,Signature purchase,false,CONOCO - PNP MAIN STREE  NEPHI        UT,Conoco Pnp Main Stree Nephi Ut,Transportation,Gas,,,,,,,
2020/04/21,,,4699.92,Protected goal account transfer,false,Protected Goal Account Transfer,Protected Goal Account Transfer,Financial,Money Transfers,,,,,,,
2020/04/20,,,-5.40,Round-up transfer,false,Round-up Transfer,Round up Transfer,Financial,Money Transfers,,,,,,,
2020/04/20,,,-17.92,Signature purchase,false,CONOCO - PNP MAIN STREE  NEPHI        UT,Conoco Pnp Main Stree Nephi Ut,Transportation,Gas,,,,,,,
2020/04/20,,,600.00,ACH,false,CREDIT FOR CAPITAL ONE N.A. CAPITALONE  CO REF- 000036093970832,Capital One N a Capitalone,Income,Other Income,,,,,,,
2020/04/18,,,-6.44,Signature purchase,false,LITTLE CAESARS 3,Little Caesars,Food & Drink,Fast Food,,Nephi,UT,84648,39.6923,-111.8359,
2020/04/17,,,-1.50,Signature purchase,false,USA*VEND AT AIR SERV,Vend at Air Serv,Transportation,Gas,,Salt Lake City,UT,84102,40.75925,-111.86371,
2020/04/17,,,-1.50,Signature purchase,false,USA*VEND AT AIR SERV,Vend at Air Serv,Transportation,Gas,,Salt Lake City,UT,84102,40.75925,-111.86371,
2020/04/17,,,-39.39,Pin purchase,false,SMITHS FOOD #404,Smiths Food,Food & Drink,Groceries,876 E. 800 SOUTH,Salt Lake City,UT,"",40.70491,-111.87924,
2020/04/17,,,-1.60,Signature purchase,false,CERTUS - ACE VENDING,Certus Ace Vending,Food & Drink,Fast Food,,West Valley City,UT,84119,40.68849,-112.01176,
2020/04/17,,,-35.51,Pin purchase,false,SMITHS-FUEL #904 876 E 80,Smiths Fuel,Transportation,Gas,,Salt Lake City,UT,"",40.70491,-111.87924,
2020/04/17,,,-17.23,Pin purchase,false,WALGREENS STORE 531 E 400,Walgreens Store,Health & Medical,Pharmacies,,Salt Lake City,UT,"",40.70491,-111.87924,
2020/04/14,,,327.32,Signature credit,false,AIRBNB  HM3BZSC5BC,Airbnb Hm3Bzsc5Bc,Travel,Hotels,,,,,,,
2020/04/13,,,-28.65,Signature purchase,false,HARMONS - BANGERTER,Harmons Bangerter,Food & Drink,Groceries,,Draper,UT,84020,40.51484,-111.87294,
2020/04/13,,,-5.18,Round-up transfer,false,Round-up Transfer,Round up Transfer,Financial,Money Transfers,,,,,,,
2020/04/13,,,600.00,ACH,false,CREDIT FOR CAPITAL ONE N.A. CAPITALONE  CO REF- 000036093970832,Capital One N a Capitalone,Income,Other Income,,,,,,,
2020/04/12,,,-5.00,Signature purchase,false,SQ *NORMAL? ICE CREAM,Normal Ice Cream,Food & Drink,Other Food & Drink,,,,,,,
2020/04/11,,,-327.32,Signature purchase,false,AIRBNB * HM3BZSC5BC,Airbnb Hm3Bzsc5Bc,Travel,Hotels,"",San Francisco,CA,94103,,,
2020/04/10,,,-35.27,Pin purchase,false,SMITHS FOOD #404,Smiths Food,Food & Drink,Groceries,876 E. 800 SOUTH,Salt Lake City,UT,"",40.70491,-111.87924,
2020/04/10,,,-120.00,Signature purchase,false,SQ *REV PHYSICAL THERA,Rev Physical Thera,Health & Medical,Other Health & Medical,,Salt Lake City,UT,84111,40.76078,-111.89105,
2020/04/10,,,-25.86,Signature purchase,false,THE FRONT CLIMBING GYM,The Front Climbing Gym,Sports & Fitness,Memberships,,Salt Lake City,UT,84115,40.71811,-111.88938,
2020/04/10,,,-170.04,ACH,false,DEBIT FOR  AMEX EPAYMENT    ACH PMT     CO REF- A7202,Amex Epayment Ach Pmt,Financial,Credit Card Payment,,,,,,,
2020/04/09,,,-46.11,Pin purchase,false,SMITHS FOOD #404,Smiths Food,Food & Drink,Groceries,2039 E. 94 SOUTH,Sandy,UT,"",40.61361,-111.8369,
2020/04/09,,,-22.61,Signature purchase,false,STATE LIQUOR STORE 41,State Liquor Store,Food & Drink,Alcohol & Bars,,Salt Lake City,UT,84115,40.71811,-111.88938,
2020/04/08,,,-96.47,Signature purchase,false,THE GEAR ROOM,The Gear Room,Sports & Fitness,Sporting Goods,"",Cottonwood Heights,UT,84121,,,#gear
2020/04/08,,,-5.04,Round-up transfer,false,Round-up Transfer,Round up Transfer,Financial,Money Transfers,,,,,,,
2020/04/08,,,-468.00,ACH,false,DEBIT FOR  CAPITAL ONE      ONLINE PMT  CO REF- 009839910382578,Capital One Online Pmt,Financial,Credit Card Payment,,,,,,,
2020/04/06,,,-46.96,Signature purchase,false,CHEVRON 0201054          WELLINGTON   UT,Chevron 0201054 Wellington Ut,Transportation,Gas,,,,,,,
2020/04/06,,,-9.79,Signature purchase,false,THE PARK CAFE,The Park Cafe,Food & Drink,Restaurants,,Salt Lake City,UT,84105,40.73713,-111.86044,
2020/04/06,,,-0.07,Fee,false,ITALKI HK LIMITED,Italki Hk Limited,Education,Tuition & Fees,,,,,,,
2020/04/06,,,-6.53,Signature purchase,false,ITALKI HK LIMITED,Italki Hk Limited,Education,Tuition & Fees,,,,,,,
2020/04/06,,,600.00,ACH,false,CREDIT FOR CAPITAL ONE N.A. CAPITALONE  CO REF- 000036093970832,Capital One N a Capitalone,Income,Other Income,,,,,,,
2020/04/06,,,-14.91,Pin purchase,false,SLAUGH'S SINCLAIR SLC,Slaugh's Sinclair Slc,Transportation,Gas,210 S 700 E,Salt Lake City,UT,"",40.70491,-111.87924,
2020/04/05,,,-5.08,Pin purchase,false,HOLLOW MOUNTAIN SINCLAIR,Hollow Mountain Sinclair,Transportation,Gas,40 NORTH SR 95,Hanksville,UT,"",38.2521,-110.8137,
2020/04/03,,,-19.27,Signature purchase,false,CHEVRON 0207391          PRICE        UT,Chevron 0207391 Price Ut,Sports & Fitness,Other Sports & Fitness,,,,,,,
2020/04/03,,,-117.97,ACH,false,DEBIT FOR  VENMO            PAYMENT     CO REF- 3307231043,Venmo Payment,Children,Activities,,,,,,,Airpods 2 from King Arian
2020/04/02,,,-36.54,Pin purchase,false,SMITHS-FUEL #904 876 E 80,Smiths Fuel,Transportation,Gas,,Salt Lake City,UT,"",40.70491,-111.87924,
2020/04/02,,,-5.35,Round-up transfer,false,Round-up Transfer,Round up Transfer,Financial,Money Transfers,,,,,,,
2020/04/02,,,-21.50,Pin purchase,false,SMITHS-FUEL #904,Smiths Fuel,Transportation,Gas,876 E 800 S,Salt Lake City,UT,"",40.70491,-111.87924,
2020/04/02,,,-11.84,Signature purchase,false,CAFE RIO SUGARHOUSE,Cafe Rio Sugarhouse,Food & Drink,Restaurants,,Salt Lake City,UT,84106,40.70625,-111.85657,
2020/04/02,,,-23.13,Pin purchase,false,WHOLEFDS SUH 104 1131 E.,Wholefds Suh,Food & Drink,Groceries,,Salt Lake City,UT,"",40.70491,-111.87924,
2020/04/02,,,-1.23,Pin purchase,false,SMITHS-FOOD #402 922 E. 2,Smiths Food,Food & Drink,Groceries,,Salt Lake City,UT,"",40.70491,-111.87924,
2020/04/02,,,-29.13,Pin purchase,false,SMITHS-FOOD #402,Smiths Food,Food & Drink,Groceries,922 E. 2100 SOUTH,Salt Lake City,UT,"",40.70491,-111.87924,
2020/04/02,,,-158.17,Pin purchase,false,SMITHS-FOOD #402,Smiths Food,Food & Drink,Groceries,922 E. 2100 SOUTH,Salt Lake City,UT,"",40.70491,-111.87924,
2020/04/02,,,-88.02,ACH,false,DEBIT FOR  CAPITAL ONE      CRCARDPMT   CO REF- 009230180236002,Capital One Crcardpmt,Financial,Credit Card Payment,,,,,,,
2020/04/01,,,-5.13,Round-up transfer,false,Round-up Transfer,Round up Transfer,Financial,Money Transfers,,,,,,,
2020/04/01,,,-71.66,Pin purchase,false,SMITHS FOOD #404,Smiths Food,Food & Drink,Groceries,876 E. 800 SOUTH,Salt Lake City,UT,"",40.70491,-111.87924,
2020/04/01,,,0.07,Interest credit,false,IOD INTEREST PAID,Interest Credit,Income,Interest,,,,,,,
2020/03/31,,,-1239.07,ACH,false,DEBIT FOR  CAPITAL ONE      ONLINE PMT  CO REF- 009039910200219,Capital One Online Pmt,Financial,Credit Card Payment,,,,,,,
2020/03/31,,,-12.90,Pin purchase,false,SMITHS FOOD #404,Smiths Food,Food & Drink,Groceries,876 E. 800 SOUTH,Salt Lake City,UT,"",40.70491,-111.87924,
2020/03/30,,,-61.40,Pin purchase,false,TARGET T-2641 1110 S 300,Target T,Food & Drink,Groceries,,Salt Lake City,UT,"",40.70491,-111.87924,
2020/03/30,,,-9.98,Pin purchase,false,LOWE'S #2275,Lowe's,Home,Repairs & Improvement,,Salt Lake City,UT,84115,40.71811,-111.88938,
2020/03/30,,,-6.82,Signature purchase,false,WASATCH PROPANE,Wasatch Propane,Utilities,Gas & Fuel,,Salt Lake City,UT,84115,40.71811,-111.88938,
2020/03/30,,,-8.65,Signature purchase,false,MCDONALD'S F17330,Mcdonald's,Food & Drink,Fast Food,,Lehi,UT,84043,40.39162,-111.85077,
2020/03/30,,,600.00,ACH,false,CREDIT FOR CAPITAL ONE N.A. CAPITALONE  CO REF- 000036093970832,Capital One N a Capitalone,Income,Other Income,,,,,,,
2020/03/30,,,-26.78,Signature purchase,false,ARBYS #1445 SPAN,Arbys 1445 Span,Food & Drink,Fast Food,,Spanish Fork,UT,84660,40.11496,-111.65492,
2020/03/29,,,-5.11,Round-up transfer,false,Round-up Transfer,Round up Transfer,Financial,Money Transfers,,,,,,,
2020/03/29,,,-50.15,Pin purchase,false,Love's Country Store 119,Love's Country Store,Transportation,Gas,,Green River,UT,84525,38.99525,-110.1618,
2020/03/29,,,-11.29,Pin purchase,false,Love's Country Store 119,Love's Country Store,Transportation,Gas,,Green River,UT,84525,38.99525,-110.1618,
2020/03/28,,,-15.00,Signature purchase,false,RAL*UTAHSTATEPARKS,Utahstateparks,Sports & Fitness,Other Sports & Fitness,,,,,,,
2020/03/28,,,-115.00,Signature purchase,false,CUBES MILLCREEK,Cubes Millcreek,Home,Storage,,Salt Lake City,UT,84106,40.70625,-111.85657,
2020/03/28,,,-16.08,Signature purchase,false,Spotify USA,Spotify,Technology,Online Services,,,,,,,
2020/03/26,,,-5.50,Signature purchase,false,LIN'S PRICE,Lin's Price,Food & Drink,Groceries,,Price,UT,84501,39.59941,-110.81071,
2020/03/26,,,-24.87,Pin purchase,false,SMITHS FUEL 9271 1117 W.,Smiths Fuel,Transportation,Gas,,Springville,UT,"",40.16821,-111.59577,
2020/03/26,,,-155.50,Pin purchase,false,SMITHS #4271,Smiths,Food & Drink,Groceries,1117 WEST 400 SOUTH,Springville,UT,"",40.16821,-111.59577,
2020/03/26,,,-18.82,Pin purchase,false,WENDYS #8619,Wendys,Food & Drink,Fast Food,1739 W 400 S,Springville,UT,"",40.16821,-111.59577,
2020/03/26,,,-21.90,Pin purchase,false,SPROUTS FARMERS MKT#603,Sprouts Farmers Mkt,Food & Drink,Groceries,216 S 700 EAST,Salt Lake City,UT,"",40.70491,-111.87924,
2020/03/25,,,-4.32,Signature purchase,false,DUNKIN #352088 Q35,Dunkin 352088 Q35,Food & Drink,Fast Food,,Salt Lake City,UT,84106,40.70625,-111.85657,
2020/03/25,,,-74.33,Signature purchase,false,STATE FARM INSURANCE,State Farm Insurance,Transportation,Auto Insurance,,Bloomington,IL,61710,40.47773,-88.95417,
2020/03/25,,,-28.26,Signature purchase,false,TST* SPITZ - BRO,Spitz Bro,Food & Drink,Restaurants,,Salt Lake City,UT,84111,40.76078,-111.89105,
2020/03/23,,,-5.45,Round-up transfer,false,Round-up Transfer,Round up Transfer,Financial,Money Transfers,,,,,,,
2020/03/23,,,-42.40,Pin purchase,false,TRADER JOE'S #350 QPS,Trader Joe's 350 Qps,Food & Drink,Groceries,,Salt Lake City,UT,84102,40.75925,-111.86371,
2020/03/23,,,-45.86,Signature purchase,false,CHEVRON 0301989          DRAPER       UT,Chevron 0301989 Draper Ut,Transportation,Gas,,,,,,,
2020/03/23,,,-154.60,ACH,false,DEBIT FOR  VENMO            PAYMENT     CO REF- 3262512361,Venmo Payment,Children,Activities,,,,,,,
2020/03/23,,,570.00,ACH,false,CREDIT FOR CAPITAL ONE N.A. CAPITALONE  CO REF- 000036093970832,Capital One N a Capitalone,Income,Other Income,,,,,,,
2020/03/21,,,-64.61,Pin purchase,false,SMITHS FOOD #407,Smiths Food,Food & Drink,Groceries,402 SIXTH AVE.,Salt Lake City,UT,"",40.70491,-111.87924,
2020/03/21,,,-500.00,Protected goal account transfer,false,Protected Goal Account Transfer,Protected Goal Account Transfer,Financial,Money Transfers,,,,,,,
2020/03/21,,,-11.95,Signature purchase,false,Cubbys Sugar House,Cubbys Sugar House,Food & Drink,Fast Food,,Salt Lake City,UT,84106,40.70625,-111.85657,
2020/03/21,,,-6.45,Pin purchase,false,BARNESNOBLE 1104 East 210,Barnesnoble,Culture,Books,,Salt Lake City,UT,"",40.70491,-111.87924,
2020/03/19,,,-19.52,Pin purchase,false,SPROUTS FARMERS MKT#603,Sprouts Farmers Mkt,Food & Drink,Groceries,216 S 700 EAST,Salt Lake City,UT,"",40.70491,-111.87924,
2020/03/18,,,-2.56,Pin purchase,false,WHOLEFDS SUH 104 1131 E.,Wholefds Suh,Food & Drink,Groceries,,Salt Lake City,UT,"",40.70491,-111.87924,
2020/03/18,,,-22.06,Pin purchase,false,SMITHS-FOOD #402,Smiths Food,Food & Drink,Groceries,922 E. 2100 SOUTH,Salt Lake City,UT,"",40.70491,-111.87924,
2020/03/18,,,-44.99,Pin purchase,false,SPROUTS FARMERS MKT#603,Sprouts Farmers Mkt,Food & Drink,Groceries,216 S 700 EAST,Salt Lake City,UT,"",40.70491,-111.87924,
2020/03/17,,,-7.50,Pin purchase,false,RANDY'S RECORD SHOP,Randy's Record Shop,Culture,Music,157 E 900 S,Salt Lake City,UT,"",40.70491,-111.87924,
2020/03/17,,,-120.00,Signature purchase,false,SQ *REV PHYSICAL THERA,Rev Physical Thera,Health & Medical,Other Health & Medical,,Salt Lake City,UT,84111,40.76078,-111.89105,
2020/03/17,,,-5.15,Round-up transfer,false,Round-up Transfer,Round up Transfer,Financial,Money Transfers,,,,,,,
2020/03/17,,,-37.00,ACH,false,DEBIT FOR  VENMO            PAYMENT     CO REF- 3245304796,Venmo Payment,Children,Activities,,,,,,,
2020/03/17,,,-54.34,Pin purchase,false,SMITHS FOOD #407,Smiths Food,Food & Drink,Groceries,402 SIXTH AVE.,Salt Lake City,UT,"",40.70491,-111.87924,
2020/03/16,,,-46.00,ACH,false,DEBIT FOR  VENMO            PAYMENT     CO REF- 3239746601,Venmo Payment,Children,Activities,,,,,,,
2020/03/16,,,-175.00,ACH,false,DEBIT FOR  VENMO            PAYMENT     CO REF- 3238876453,Venmo Payment,Children,Activities,,,,,,,
2020/03/16,,,570.00,ACH,false,CREDIT FOR CAPITAL ONE N.A. CAPITALONE  CO REF- 000036093970832,Capital One N a Capitalone,Income,Other Income,,,,,,,
2020/03/10,,,-124.88,Signature purchase,false,THE FRONT CLIMBING GYM,The Front Climbing Gym,Sports & Fitness,Memberships,,Salt Lake City,UT,84115,40.71811,-111.88938,
2020/03/10,,,-14.55,ACH,false,DEBIT FOR  AMEX EPAYMENT    ACH PMT     CO REF- A8294,Amex Epayment Ach Pmt,Financial,Credit Card Payment,,,,,,,
2020/03/09,,,-5.00,Round-up transfer,false,Round-up Transfer,Round up Transfer,Financial,Money Transfers,,,,,,,
2020/03/09,,,-1.51,Fee,false,ISF FEE - ATM,International Transaction Fee,Fees,ATM Fees,,,,,,,
2020/03/09,,,-5.51,Fee,false,SURCHARGE FEE-BANKAOOL,ATM Fee,Fees,ATM Fees,,,,,,,
2020/03/09,,,-151.48,Atm withdrawal,false,BANKAOOL                                 ATM -AT BANKAOOL      /OXXOTULUM,Bankaool ATM at Bankaool Oxxotulum,Uncategorized,Cash,,,,,,,
2020/03/09,,,-67.48,Signature purchase,false,AMZN Mktp US*6R0HK2A43   Amzn.com/billWA,Amzn Mktp Us 6R0Hk2A43 Amzn.com billWA,Home,Other Home,,,,,,,
2020/03/09,,,570.00,ACH,false,CREDIT FOR CAPITAL ONE N.A. CAPITALONE  CO REF- 000036093970832,Capital One N a Capitalone,Income,Other Income,,,,,,,
2020/03/09,,,-0.40,Fee,false,TDAS CHEDRAUI PLAYA C S,Tdas Chedraui Playa C S,Food & Drink,Groceries,,,,,,,
2020/03/09,,,-39.68,Signature purchase,false,TDAS CHEDRAUI PLAYA C S,Tdas Chedraui Playa C S,Food & Drink,Groceries,,,,,,,
2020/03/05,,,-2.61,Fee,false,ISF FEE - ATM,International Transaction Fee,Fees,ATM Fees,,,,,,,
2020/03/05,,,-4.49,Fee,false,SURCHARGE FEE-D264,ATM Fee,Fees,ATM Fees,,,,,,,
2020/03/05,,,-261.41,Atm withdrawal,false,D264                                     ATM -AT *Scotiabank        Cancun,D264 ATM at Scotiabank Cancun,Uncategorized,Cash,,,,,,,
2020/03/05,,,-5.56,Round-up transfer,false,Round-up Transfer,Round up Transfer,Financial,Money Transfers,,,,,,,
2020/03/04,,,-15.95,Signature purchase,false,MARKET STREET GRIL SLC,Market Street Gril Slc,Food & Drink,Restaurants,,Salt Lake City,UT,84116,40.79031,-111.94018,
2020/03/04,,,-30.00,ACH,false,DEBIT FOR  VENMO            PAYMENT     CO REF- 3192126281,Venmo Payment,Children,Activities,,,,,,,
2020/03/04,,,-140.00,ACH,false,DEBIT FOR  VENMO            PAYMENT     CO REF- 3189952803,Venmo Payment,Children,Activities,,,,,,,
2020/03/04,,,-10.16,Signature purchase,false,CAFE RIO SKYLINE,Cafe Rio Skyline,Food & Drink,Restaurants,,Salt Lake City,UT,84109,40.70575,-111.79973,
2020/03/04,,,1239.07,Check deposit,false,MOBILE DEPOSIT,Check Deposit,Income,Other Income,,,,,,,
2020/03/03,,,-10.28,Signature purchase,false,Channing Hall,Channing Hall,Education,Tuition & Fees,,,,,,,
2020/03/03,,,-10.28,Signature purchase,false,Channing Hall,Channing Hall,Education,Tuition & Fees,,,,,,,
2020/03/03,,,-21.43,Pin purchase,false,SMITHS FOOD #404,Smiths Food,Food & Drink,Groceries,876 E. 800 SOUTH,Salt Lake City,UT,"",40.70491,-111.87924,
2020/03/03,,,-9.99,ACH,false,DEBIT FOR  CAPITAL ONE      CRCARDPMT   CO REF- 006230180479497,Capital One Crcardpmt,Financial,Credit Card Payment,,,,,,,
2020/03/03,,,-7.53,Signature purchase,false,THE GREEN PIG PUB,The Green Pig Pub,Food & Drink,Restaurants,,Salt Lake City,UT,84111,40.76078,-111.89105,
2020/03/03,,,-11.38,Signature purchase,false,INDOCHINE VIETNAMESE,Indochine Vietnamese,Food & Drink,Restaurants,,Salt Lake City,UT,84102,40.75925,-111.86371,
2020/03/03,,,-5.22,Round-up transfer,false,Round-up Transfer,Round up Transfer,Financial,Money Transfers,,,,,,,
2020/03/02,,,-24.90,Signature purchase,false,TST* SPITZ - COT,Spitz Cot,Food & Drink,Restaurants,,Holladay,UT,84121,40.65778,-111.82352,
2020/03/02,,,-9.80,Pin purchase,false,COLE SPORT - PARK AVENUE,Cole Sport Park Avenue,Sports & Fitness,Sporting Goods,,Park City,UT,84060,40.64606,-111.49797,
2020/03/02,,,-5.60,Round-up transfer,false,Round-up Transfer,Round up Transfer,Financial,Money Transfers,,,,,,,
2020/03/02,,,-75.00,ACH,false,DEBIT FOR  VENMO            PAYMENT     CO REF- 3168311881,Venmo Payment,Children,Activities,,,,,,,
2020/03/02,,,570.00,ACH,false,CREDIT FOR CAPITAL ONE N.A. CAPITALONE  CO REF- 000036093970832,Capital One N a Capitalone,Income,Other Income,,,,,,,
2020/03/01,,,-27.76,Signature purchase,false,AMZN Mktp US,Amzn Mktp Us,Culture,Books,,,,,,,
2020/02/29,,,-12.99,Signature purchase,false,Brighton Ski Resort,Brighton Ski Resort,Food & Drink,Restaurants,,,,,,,
2020/02/29,,,-10.29,Signature purchase,false,Brighton Ski Resort,Brighton Ski Resort,Food & Drink,Restaurants,,,,,,,
2020/02/29,,,0.05,Interest credit,false,IOD INTEREST PAID,Interest Credit,Income,Interest,,,,,,,
2020/02/28,,,-10.28,Signature purchase,false,Channing Hall,Channing Hall,Education,Tuition & Fees,,,,,,,
2020/02/28,,,-32.35,Pin purchase,false,SMITHS-FUEL #907 210 E. 7,Smiths Fuel,Transportation,Gas,,Pleasant Grove,UT,"",40.36412,-111.73854,
2020/02/28,,,-106.67,Pin purchase,false,SMITHS FOOD #407,Smiths Food,Food & Drink,Groceries,210 E. 700 SOUTH,Pleasant Grove,UT,"",40.36412,-111.73854,
2020/02/28,,,-120.00,Signature purchase,false,SQ *REV PHYSICAL THERA,Rev Physical Thera,Health & Medical,Other Health & Medical,,Salt Lake City,UT,84111,40.76078,-111.89105,
2020/02/28,,,-115.00,Signature purchase,false,CUBES MILLCREEK,Cubes Millcreek,Home,Storage,,Salt Lake City,UT,84106,40.70625,-111.85657,
2020/02/28,,,-16.08,Signature purchase,false,Spotify USA,Spotify,Sports & Fitness,Sporting Goods,,,,,,,
2020/02/28,,,-12.00,Signature purchase,false,PROPER BREWING,Proper Brewing,Food & Drink,Restaurants,,Salt Lake City,UT,84111,40.76078,-111.89105,
2020/02/28,,,-39.63,Signature purchase,false,PURGATORY BAR,Purgatory Bar,Food & Drink,Restaurants,,Salt Lake City,UT,84111,40.76078,-111.89105,
2020/02/28,,,-38.46,Signature purchase,false,MAVERIK CNTRY STRE       MOAB         UT,Maverik Cntry Stre Moab Ut,Transportation,Gas,,,,,,,
2020/02/27,,,-28.94,Signature purchase,false,SP * REKONECT,Rekonect,Personal,Clothing,,Laguna Woods,CA,92637,33.6103,-117.72533,
2020/02/26,,,-3.56,Pin purchase,false,MAVERIK #617,Maverik,Transportation,Gas,68 N. GRAYSON PARKWAY,Blanding,UT,"",37.56292,-109.46245,
2020/02/26,,,-22.78,Signature purchase,false,CHEVRON 0200176          SPANISH FORK UT,Chevron 0200176 Spanish Fork Ut,Transportation,Gas,,,,,,,
2020/02/25,,,-35.25,Pin purchase,false,STANS,Stans,Transportation,Gas,150 S HIGHWAY 95,Hanksville,UT,"",38.2521,-110.8137,
2020/02/25,,,-61.72,Signature purchase,false,STATE FARM INSURANCE,State Farm Insurance,Transportation,Auto Insurance,,Bloomington,IL,61710,40.47773,-88.95417,
2020/02/25,,,-5.08,Round-up transfer,false,Round-up Transfer,Round up Transfer,Financial,Money Transfers,,,,,,,
2020/02/24,,,-8.93,Signature purchase,false,SLAB PIZZA LLC,Slab Pizza,Food & Drink,Fast Food,,Lehi,UT,84043,40.39162,-111.85077,
2020/02/24,,,-2.25,Signature purchase,false,PAY STATIONS MOBILE,Pay Stations Mobile,Sports & Fitness,Sporting Goods,,Salt Lake City,UT,84111,40.76078,-111.89105,
2020/02/24,,,-45.93,Signature purchase,false,MAVERIK  #280            LEHI         UT,Maverik 280 Lehi Ut,Transportation,Gas,,,,,,,
2020/02/24,,,-10.00,ACH,false,DEBIT FOR  VENMO            PAYMENT     CO REF- 3147457535,Venmo Payment,Children,Activities,,,,,,,
2020/02/24,,,-20.00,ACH,false,DEBIT FOR  VENMO            PAYMENT     CO REF- 3146481852,Venmo Payment,Uncategorized,Cash,,,,,,,
2020/02/24,,,-5.32,Round-up transfer,false,Round-up Transfer,Round up Transfer,Financial,Money Transfers,,,,,,,
2020/02/24,,,-269.65,ACH,false,DEBIT FOR  CAPITAL ONE      MOBILE PMT  CO REF- 005339800385321,Capital One Mobile Pmt,Children,Activities,,,,,,,
2020/02/24,,,-25.00,ACH,false,DEBIT FOR  VENMO            PAYMENT     CO REF- 3143952886,Venmo Payment,Uncategorized,Cash,,,,,,,
2020/02/24,,,2000.00,ACH,false,CREDIT FOR CAPITAL ONE N.A. CAPITALONE  CO REF- 000000068898663,Capital One N a Capitalone,Income,Other Income,,,,,,,
2020/02/24,,,570.00,ACH,false,CREDIT FOR CAPITAL ONE N.A. CAPITALONE  CO REF- 000036093970832,Capital One N a Capitalone,Income,Other Income,,,,,,,
2020/02/24,,,-70.78,Pin purchase,false,SMITHS FOOD #407,Smiths Food,Food & Drink,Groceries,402 SIXTH AVE.,Salt Lake City,UT,"",40.70491,-111.87924,
2020/02/23,,,-21.86,Signature purchase,false,THE GREEN PIG PUB,The Green Pig Pub,Food & Drink,Restaurants,,Salt Lake City,UT,84111,40.76078,-111.89105,
2020/02/23,,,-6.30,Signature purchase,false,IMP*CALLTOPARK,Calltopark,Transportation,Parking & Tolls,,Spokane,WA,99201,47.65966,-117.42908,
2020/02/22,,,-3.00,Signature purchase,false,ALTA SKI AREA -ALFS,Alta Ski Area Alfs,Food & Drink,Fast Food,,Alta,UT,84092,40.58247,-111.62041,
2020/02/22,,,-13.63,Signature purchase,false,TOSHS RAMEN,Toshs Ramen,Food & Drink,Restaurants,,Salt Lake City,UT,84115,40.71811,-111.88938,
2020/02/21,,,-20.04,Signature purchase,false,OH MAI DOWNTOWN,Oh Mai Downtown,Food & Drink,Restaurants,,Salt Lake City,UT,84111,40.76078,-111.89105,
2020/02/18,,,-19.00,Signature purchase,false,LEHI CITY RECREATION,Lehi City Recreation,Sports & Fitness,Other Sports & Fitness,,Lehi,UT,84043,40.39162,-111.85077,
2020/02/18,,,-120.00,Signature purchase,false,SQ *REV PHYSICAL THERA,Rev Physical Thera,Health & Medical,Other Health & Medical,,Salt Lake City,UT,84111,40.76078,-111.89105,
2020/02/18,,,-5.27,Round-up transfer,false,Round-up Transfer,Round up Transfer,Financial,Money Transfers,,,,,,,
2020/02/18,,,-153.41,ACH,false,DEBIT FOR  VENMO            PAYMENT     CO REF- 3115960194,Venmo Payment,Children,Activities,,,,,,,
2020/02/18,,,743.00,ACH,false,CREDIT FOR CAPITAL ONE N.A. CAPITALONE  CO REF- 000000068898663,Capital One N a Capitalone,Income,Other Income,,,,,,,
2020/02/17,,,-10.28,Signature purchase,false,Channing Hall,Channing Hall,Education,Tuition & Fees,,,,,,,
2020/02/14,,,-50.00,Signature purchase,false,THE FRONT CLIMBING GYM,The Front Climbing Gym,Sports & Fitness,Memberships,,Salt Lake City,UT,84115,40.71811,-111.88938,
2020/02/14,,,-75.00,ACH,false,DEBIT FOR  VENMO            PAYMENT     CO REF- 3106903200,Venmo Payment,Children,Activities,,,,,,,Scott 1.25h Van work
2020/02/14,,,-5.81,Round-up transfer,false,Round-up Transfer,Round up Transfer,Financial,Money Transfers,,,,,,,
2020/02/13,,,-120.00,Signature purchase,false,SQ *REV PHYSICAL THERA,Rev Physical Thera,Health & Medical,Other Health & Medical,,Salt Lake City,UT,84111,40.76078,-111.89105,
2020/02/13,,,-6.67,Signature purchase,false,WASATCH PROPANE,Wasatch Propane,Utilities,Gas & Fuel,,Salt Lake City,UT,84115,40.71811,-111.88938,
2020/02/13,,,-40.95,Signature purchase,false,NATIONAL WOOD PRODUCTS,National Wood Products,Home,Furnishings,,Salt Lake City,UT,84115,40.71811,-111.88938,
2020/02/13,,,-35.76,Signature purchase,false,SP * SHINESTY,Shinesty,Personal,Clothing,,Boulder,CO,80302,40.02088,-105.29673,
2020/02/13,,,-21.00,Signature purchase,false,Hog Wallow Pub,Hog Wallow Pub,Food & Drink,Restaurants,,,,,,,
2020/02/13,,,-50.69,Signature purchase,false,MAVERIK #304             DRAPER       UT,Maverik 304 Draper Ut,Transportation,Gas,,,,,,,
2020/02/12,,,-10.28,Signature purchase,false,Channing Hall,Channing Hall,Education,Tuition & Fees,,,,,,,
2020/02/12,,,-10.28,Signature purchase,false,Channing Hall,Channing Hall,Education,Tuition & Fees,,,,,,,
2020/02/12,,,-10.21,Pin purchase,false,LOWE'S #2275,Lowe's,Home,Repairs & Improvement,,Salt Lake City,UT,84115,40.71811,-111.88938,
2020/02/12,,,-81.74,Pin purchase,false,SMITHS FOOD #413,Smiths Food,Food & Drink,Groceries,212 E. 12300 S.,Draper,UT,"",40.51484,-111.87294,
2020/02/12,,,-8.09,Signature purchase,false,BEWILDER BREWING,Bewilder Brewing,Food & Drink,Restaurants,,Salt Lake City,UT,84101,40.76078,-111.89105,
2020/02/11,,,905.45,Protected goal account transfer,false,Protected Goal Account Transfer,Protected Goal Account Transfer,Financial,Money Transfers,,,,,,,
2020/02/11,,,-905.45,Pin purchase,false,JT AUTOMOTIVE 2205 S 900,Jt Automotive,Transportation,Auto Services,,Salt Lake City,UT,"",40.70491,-111.87924,
2020/02/11,,,-7.57,Signature purchase,false,POT STICKERS PLUS 1,Pot Stickers Plus,Food & Drink,Restaurants,,Sandy,UT,84070,40.5816,-111.88821,
2020/02/11,,,65.50,ACH,false,CREDIT FOR VENMO            CASHOUT     CO REF- 3094325340,Venmo Cashout,Income,Other Income,,,,,,,
2020/02/11,,,-9.00,Signature purchase,false,THE GREEN PIG PUB,The Green Pig Pub,Food & Drink,Restaurants,,Salt Lake City,UT,84111,40.76078,-111.89105,
2020/02/10,,,-10.28,Signature purchase,false,Channing Hall,Channing Hall,Education,Tuition & Fees,,,,,,,
2020/02/10,,,286.00,Protected goal account transfer,false,Protected Goal Account Transfer,Protected Goal Account Transfer,Financial,Money Transfers,,,,,,,
2020/02/10,,,-286.00,Protected goal account transfer,false,Protected Goal Account Transfer,Protected Goal Account Transfer,Financial,Money Transfers,,,,,,,
2020/02/10,,,-12.28,Signature purchase,false,CAFE RIO SANDY,Cafe Rio Sandy,Food & Drink,Restaurants,,Sandy,UT,84094,40.57204,-111.86056,
2020/02/10,,,-124.88,Signature purchase,false,THE FRONT CLIMBING GYM,The Front Climbing Gym,Sports & Fitness,Memberships,,Salt Lake City,UT,84115,40.71811,-111.88938,
2020/02/10,,,948.00,ACH,false,CREDIT FOR CAPITAL ONE N.A. CAPITALONE  CO REF- 000036090772624,Capital One N a Capitalone,Income,Other Income,,,,,,,
2020/02/10,,,-8.22,Pin purchase,false,SMITHS-FOOD #402,Smiths Food,Food & Drink,Groceries,922 E. 2100 SOUTH,Salt Lake City,UT,"",40.70491,-111.87924,
2020/02/09,,,-50.74,Pin purchase,false,WAL-MART #2307,Wal Mart,Food & Drink,Groceries,11328 S JORDAN GATEWAY,South Jordan,UT,"",40.5541,-111.9539,
2020/02/08,,,-47.70,Pin purchase,false,SMITHS-FUEL #908 3470 E.,Smiths Fuel,Transportation,Gas,,Salt Lake City,UT,"",40.70491,-111.87924,
2020/02/08,,,-102.24,Pin purchase,false,SMITHS FOOD #408,Smiths Food,Food & Drink,Groceries,3500 BENGAL BLVD.,Salt Lake City,UT,"",40.70491,-111.87924,
2020/02/08,,,-6.78,Pin purchase,false,SMITHS FOOD #404,Smiths Food,Food & Drink,Groceries,876 E. 800 SOUTH,Salt Lake City,UT,"",40.70491,-111.87924,
2020/02/07,,,-120.00,Signature purchase,false,SQ *REV PHYSICAL THERA,Rev Physical Thera,Health & Medical,Other Health & Medical,,Salt Lake City,UT,84104,40.75063,-111.94077,
2020/02/07,,,-83.66,ACH,false,DEBIT FOR  CAPITAL ONE      MOBILE PMT  CO REF- 003739800878489,Capital One Mobile Pmt,Children,Activities,,,,,,,
2020/02/07,,,-12.40,Pin purchase,false,CHINATOWN SUPERM,Chinatown Superm,Food & Drink,Groceries,3390 S STATE ST #11,South Salt Lake,UT,"",40.70565,-111.89862,
2020/02/06,,,-39.85,Signature purchase,false,STATE LIQUOR STORE 41,State Liquor Store,Food & Drink,Alcohol & Bars,,Salt Lake City,UT,84115,40.71811,-111.88938,
2020/02/06,,,-26.00,Signature purchase,false,THE OLD YELLOWSTONE GA,The Old Yellowstone Ga,Food & Drink,Restaurants,,Salt Lake City,UT,84103,40.77775,-111.87491,
2020/02/05,,,-5.00,ACH,false,DEBIT FOR  VENMO            PAYMENT     CO REF- 3070785630,Venmo Payment,Uncategorized,Cash,,,,,,,
2020/02/05,,,-8.00,ACH,false,DEBIT FOR  VENMO            PAYMENT     CO REF- 3066971044,Venmo Payment,Uncategorized,Cash,,,,,,,
2020/02/05,,,-91.92,Pin purchase,false,SMITHS FOOD #404,Smiths Food,Food & Drink,Groceries,876 E. 800 SOUTH,Salt Lake City,UT,"",40.70491,-111.87924,
2020/02/04,,,-5.00,Signature purchase,false,MILLCREEK CANYON,Millcreek Canyon,Sports & Fitness,Sporting Goods,,Salt Lake City,UT,84115,40.71811,-111.88938,
2020/02/04,,,-6.12,ACH,false,DEBIT FOR  CAPITAL ONE      MOBILE PMT  CO REF- 003439800629412,Capital One Mobile Pmt,Uncategorized,Cash,,,,,,,
2020/02/04,,,-14.24,Signature purchase,false,TST* LEVEL CROSS,Level Cross,Food & Drink,Restaurants,,Salt Lake City,UT,84115,40.71811,-111.88938,
2020/02/04,,,-5.03,Pin purchase,false,SPEEDWAY 09435 6 655 S 50,Speedway,Transportation,Gas,,American Fork,UT,"",40.39423,-111.79449,
2020/02/04,,,-55.73,Signature purchase,false,"prAna Living, LLC",prAna Living,Personal,Clothing,,,,,,,
2020/02/03,,,-18.96,Pin purchase,false,HARMONS - OREM,Harmons Orem,Food & Drink,Groceries,870 EAST 800 NORTH,Orem,UT,"",40.23888,-111.62515,
2020/02/03,,,-49.00,Signature purchase,false,SQ *CANYON GATE MASSAGE,Canyon Gate Massage,Health & Medical,Other Health & Medical,,Orem,UT,84097,40.30144,-111.67485,
2020/02/03,,,-10.28,Signature purchase,false,Channing Hall,Channing Hall,Education,Tuition & Fees,,,,,,,
2020/02/03,,,-10.28,Signature purchase,false,Channing Hall,Channing Hall,Education,Tuition & Fees,,,,,,,
2020/02/03,,,-10.28,Signature purchase,false,Channing Hall,Channing Hall,Education,Tuition & Fees,,,,,,,
2020/02/03,,,-51.02,Signature purchase,false,MAVERIK #554             OREM         UT,Maverik 554 Orem Ut,Transportation,Gas,,,,,,,
2020/02/03,,,-973.69,ACH,false,DEBIT FOR  CAPITAL ONE      CRCARDPMT   CO REF- 003230180246180,Capital One Crcardpmt,Financial,Credit Card Payment,,,,,,,
2020/02/03,,,-100.00,ACH,false,DEBIT FOR  VENMO            PAYMENT     CO REF- 3047301044,Venmo Payment,Uncategorized,Cash,,,,,,,
2020/02/03,,,948.00,ACH,false,CREDIT FOR CAPITAL ONE N.A. CAPITALONE  CO REF- 000036090772624,Capital One N a Capitalone,Income,Other Income,,,,,,,
2020/02/02,,,-62.72,Pin purchase,false,Wal-Mart Super Center,Wal Mart Super Center,Food & Drink,Groceries,5270 WAL-SAMS,Lindon,UT,"",40.34329,-111.72076,
2020/02/01,,,0.05,Interest credit,false,IOD INTEREST PAID,Interest Credit,Income,Interest,,,,,,,
2020/02/01,,,-11.14,Signature purchase,false,CHUBBYS CAFE,Chubbys Cafe,Food & Drink,Restaurants,,Pleasant Grove,UT,84062,40.36412,-111.73854,
2020/01/31,,,106.17,Refund,false,REI #19 SALT LAKE,REI 19 Salt Lake,Sports & Fitness,Sporting Goods,,,,,,,
2020/01/30,,,-87.53,Pin purchase,false,SMITHS FOOD #407,Smiths Food,Food & Drink,Groceries,210 E. 700 SOUTH,Pleasant Grove,UT,"",40.36412,-111.73854,
2020/01/30,,,-41.40,Signature purchase,false,SQ *RETURN TO HARMONY M,Return to Harmony M,Health & Medical,Other Health & Medical,,Sandy,UT,84070,40.5816,-111.88821,
2020/01/30,,,-115.00,Signature purchase,false,CUBES MILLCREEK,Cubes Millcreek,Home,Storage,,Salt Lake City,UT,84106,40.70625,-111.85657,
2020/01/30,,,-5.50,Signature purchase,false,CITY LIMITS,City Limits,Food & Drink,Alcohol & Bars,,Provo,UT,84601,40.23095,-111.68006,
2020/01/30,,,-60.38,Signature purchase,false,CHEVRON 0200218          SALT LAKE CITUT,Chevron 0200218 Salt Lake Citut,Transportation,Gas,,,,,,,
2020/01/29,,,-7.75,Signature purchase,false,SQ *THE BAGEL PROJECT,The Bagel Project,Food & Drink,Other Food & Drink,,Salt Lake City,UT,84102,40.75925,-111.86371,
2020/01/29,,,-26.72,Pin purchase,false,WHOLEFDS SUH 104 1131 E.,Wholefds Suh,Food & Drink,Groceries,,Salt Lake City,UT,"",40.70491,-111.87924,
2020/01/28,,,-281.90,Signature purchase,false,LDI*LDVISION,Ldvision,Health & Medical,Eyes,,,,,,,
2020/01/28,,,-0.04,Fee,false,HOSTEL WORLD,Hostel World,Travel,Tours & Cruises,,,,,,,
2020/01/28,,,-3.60,Signature purchase,false,HOSTEL WORLD,Hostel World,Travel,Tours & Cruises,,,,,,,
2020/01/28,,,-120.00,Signature purchase,false,SQ *REV PHYSICAL THERAP,Rev Physical Therap,Health & Medical,Other Health & Medical,,Salt Lake City,UT,84111,40.76078,-111.89105,
2020/01/28,,,-201.63,Pin purchase,false,REI #19 SALT LAKE CITY,REI 19 Salt Lake City,Sports & Fitness,Sporting Goods,,Salt Lake City,UT,84109,40.70575,-111.79973,
2020/01/28,,,-16.08,Signature purchase,false,Spotify USA,Spotify,Technology,Online Services,,,,,,,
2020/01/27,,,-30.10,Signature purchase,false,SOLITUDE MOUNTAIN RESO,Solitude Mountain Reso,Culture,Random Fun,,,,,,,
2020/01/27,,,-21.55,Signature purchase,false,WASATCH TOURING,Wasatch Touring,Sports & Fitness,Sporting Goods,,Salt Lake City,UT,84102,40.75925,-111.86371,
2020/01/27,,,452.68,ACH,false,CREDIT FOR VENMO            CASHOUT     CO REF- 3026828285,Venmo Cashout,Income,Other Income,,,,,,,
2020/01/27,,,-1552.00,ACH,false,DEBIT FOR  CAPITAL ONE N.A. CAPITALONE  CO REF- 000036090772624,Capital One N a Capitalone,Financial,Money Transfers,,,,,,,
2020/01/27,,,-12.41,Signature purchase,false,WHOLEFDS TSQ 102,Wholefds Tsq,Food & Drink,Groceries,,Salt Lake City,UT,84102,40.75925,-111.86371,
2020/01/27,,,-42.03,Pin purchase,false,FRESH MARKET 17TH SOUTH,Fresh Market 17Th South,Food & Drink,Groceries,1638 SOUTH 9TH EAST,Salt Lake City,UT,"",40.70491,-111.87924,
2020/01/25,,,-89.39,Signature purchase,false,STATE FARM INSURANCE,State Farm Insurance,Transportation,Auto Insurance,,Bloomington,IL,61710,40.47773,-88.95417,
2020/01/22,,,-0.86,Fee,false,ISF FEE - ATM,International Transaction Fee,Fees,ATM Fees,,,,,,,
2020/01/22,,,-2.37,Fee,false,SURCHARGE FEE-000000061000009,ATM Fee,Fees,ATM Fees,,,,,,,
2020/01/22,,,-86.32,Atm withdrawal,false,"000000061000009                          ATM -AT kho bac Ninh Hai,duNinh Thuan",61000009 ATM at Kho Bac Ninh Hai duNinh Thuan,Uncategorized,Cash,,,,,,,
2020/01/22,,,-0.86,Fee,false,ISF FEE - ATM,International Transaction Fee,Fees,ATM Fees,,,,,,,
2020/01/22,,,-2.37,Fee,false,SURCHARGE FEE-000000061000009,ATM Fee,Fees,ATM Fees,,,,,,,
2020/01/22,,,-86.32,Atm withdrawal,false,"000000061000009                          ATM -AT kho bac Ninh Hai,duNinh Thuan",61000009 ATM at Kho Bac Ninh Hai duNinh Thuan,Uncategorized,Cash,,,,,,,
2020/01/21,,,563.19,ACH,false,Transfer from Betterment 101015347,Transfer from Betterment,Income,Other Income,,,,,,,
2020/01/21,,,-1500.00,ACH,false,Transfer to MACU 324079555,Transfer to Macu,Financial,Money Transfers,,,,,,,
2020/01/21,,,-3350.00,ACH,false,DEBIT FOR  CAPITAL ONE N.A. CAPITALONE  CO REF- 000036090772624,Capital One N a Capitalone,Financial,Money Transfers,,,,,,,
2020/01/21,,,-0.86,Fee,false,ISF FEE - ATM,International Transaction Fee,Fees,ATM Fees,,,,,,,
2020/01/21,,,-2.37,Fee,false,SURCHARGE FEE-000000058000027,ATM Fee,Fees,ATM Fees,,,,,,,
2020/01/21,,,-86.32,Atm withdrawal,false,000000058000027                          ATM -AT nha ga san bay quocNha Trang,58000027 ATM at Nha Ga San Bay quocNha Trang,Uncategorized,Cash,,,,,,,
2020/01/17,,,-1200.00,Protected goal account transfer,false,Protected Goal Account Transfer,Protected Goal Account Transfer,Financial,Money Transfers,,,,,,,
2020/01/16,,,6000.00,ACH,false,Transfer from MACU 324079555,Transfer from Macu,Income,Other Income,,,,,,,
2020/01/15,,,-2000.00,Protected goal account transfer,false,Protected Goal Account Transfer,Protected Goal Account Transfer,Financial,Money Transfers,,,,,,,
2020/01/15,,,7350.00,ACH,false,Transfer from MACU 324079555,Transfer from Macu,Income,Other Income,,,,,,,
2020/01/10,,,-129.88,Signature purchase,false,THE FRONT CLIMBING GYM,The Front Climbing Gym,Sports & Fitness,Memberships,,Salt Lake City,UT,84115,40.71811,-111.88938,
2020/01/09,,,-150.00,ACH,false,DEBIT FOR  VENMO            PAYMENT     CO REF- 2958284377,Venmo Payment,Uncategorized,Cash,,,,,,,
2020/01/08,,,-1.08,Signature purchase,false,HOSTEL WORLD,Hostel World,Travel,Tours & Cruises,,,,,,,
2020/01/08,,,-0.01,Fee,false,HOSTEL WORLD,Hostel World,Travel,Tours & Cruises,,,,,,,
2020/01/07,,,-973.69,ACH,false,DEBIT FOR  CAPITAL ONE      MOBILE PMT  CO REF- 000639800612144,Capital One Mobile Pmt,Children,Activities,,,,,,,
2020/01/07,,,-12.75,Signature purchase,false,CAFE RIO SLC AIRPORT,Cafe Rio Slc Airport,Food & Drink,Restaurants,,Salt Lake City,UT,84122,40.66807,-111.9083,
2020/01/06,,,-24.64,Pin purchase,false,SMITHS MRKTPL #4,Smiths Mrktpl,Food & Drink,Groceries,3215 S. VALLEY ST.,Salt Lake City,UT,"",40.70491,-111.87924,
2020/01/05,,,1200.00,Protected goal account transfer,false,Protected Goal Account Transfer,Protected Goal Account Transfer,Financial,Money Transfers,,,,,,,
2020/01/02,,,-1000.00,ACH,false,Transfer to Betterment 101015347,Transfer to Betterment,Financial,Money Transfers,,,,,,,
2020/01/01,,,0.06,Interest credit,false,IOD INTEREST PAID,Interest Credit,Income,Interest,,,,,,,
2019/12/30,,,-51.63,Pin purchase,false,WM SUPERCENTER #,Wm Supercenter,Food & Drink,Groceries,,Salt Lake City,UT,"",40.70491,-111.87924,
2019/12/30,,,-127.14,ACH,false,DEBIT FOR  VENMO            PAYMENT     CO REF- 2918447271,Venmo Payment,Uncategorized,Cash,,,,,,,
2019/12/30,,,-55.00,Pin purchase,false,MAVERIK #358,Maverik,Transportation,Gas,3569 NORTH THANKSGIVING,Lehi,UT,"",40.39162,-111.85077,
2019/12/29,,,-4.08,Signature purchase,false,MCDONALD'S F12246,Mcdonald's,Food & Drink,Fast Food,,Twentynine Palms,CA,92277,34.13556,-116.05417,
2019/12/29,,,-52.33,Pin purchase,false,29 PALMS GAS,29 Palms Gas,Transportation,Gas,29 PALMS GAS,Twentynine Palms,CA,92277,34.13556,-116.05417,
2019/12/28,,,-70.00,Signature purchase,false,CITY OF LA DOT PVB PBPH,City of la Dot Pvb Pbph,Transportation,Parking Tickets,,,,,,,
2019/12/28,,,-115.00,Signature purchase,false,CUBES MILLCREEK,Cubes Millcreek,Home,Storage,,Salt Lake City,UT,84106,40.70625,-111.85657,
2019/12/28,,,-16.08,Signature purchase,false,Spotify USA,Spotify,Technology,Online Services,,,,,,,
2019/12/28,,,-2.00,Signature purchase,false,LA CITY PARKING METER,La City Parking Meter,Transportation,Parking & Tolls,,Los Angeles,CA,90012,34.06161,-118.23944,
2019/12/28,,,-26.50,Signature purchase,false,TSUJITA LA ARTISAN NOOD,Tsujita la Artisan Nood,Food & Drink,Fast Food,,Los Angeles,CA,90025,34.04501,-118.44527,
2019/12/28,,,-7.67,Signature purchase,false,BEARD PAPAS,Beard Papas,Food & Drink,Other Food & Drink,,Torrance,CA,90501,33.82877,-118.31367,
2019/12/28,,,-2.00,Signature purchase,false,HERMOSA BEACH PARKING,Hermosa Beach Parking,Transportation,Parking & Tolls,,Hermosa Beach,CA,90254,33.86224,-118.39952,
2019/12/27,,,-76.08,Signature purchase,false,BISHOP PAIUTE GAS STATI  BISHOP       CA,Bishop Paiute Gas Stati Bishop Ca,Transportation,Gas,,,,,,,
2019/12/26,,,-38.79,Signature purchase,false,EL RANCHITO,El Ranchito,Food & Drink,Restaurants,,Bishop,CA,93514,37.5014,-118.4048,
2019/12/25,,,-3.27,Signature purchase,false,CARLS JR 1100819,Carls Jr,Food & Drink,Fast Food,,Mammoth Lakes,CA,93546,37.62159,-118.86279,
2019/12/25,,,-60.52,Signature purchase,false,STATE FARM INSURANCE,State Farm Insurance,Transportation,Auto Insurance,,Bloomington,IL,61710,40.47773,-88.95417,
2019/12/25,,,-30.01,Pin purchase,false,SHELL SERVICE STATION,Shell Service Station,Transportation,Gas,,Mammoth Lakes,CA,"",37.62159,-118.86279,
2019/12/25,,,-17.97,Signature purchase,false,THAI D UP,Thai D Up,Food & Drink,Restaurants,,Mammoth Lakes,CA,93546,37.62159,-118.86279,
2019/12/25,,,-20.71,Signature purchase,false,BLACK DOUBT BREWING COM,Black Doubt Brewing Com,Food & Drink,Alcohol & Bars,,Mammoth Lakes,CA,93546,37.62159,-118.86279,
2019/12/25,,,-55.08,Signature purchase,false,CHEVRON 0301989          DRAPER       UT,Chevron 0301989 Draper Ut,Transportation,Gas,,,,,,,
2019/12/25,,,107.74,Signature credit,false,O'REILLY AUTO PARTS 269,O'reilly Auto Parts,Transportation,Auto Supplies,,,,,,,
2019/12/24,,,-157.09,Signature purchase,false,NAPA OF MAMMOTH,Napa of Mammoth,Transportation,Auto Supplies,,Mammoth Lakes,CA,93546,37.62159,-118.86279,
2019/12/24,,,-19.36,Signature purchase,false,HOMETOWN PIZZA,Hometown Pizza,Food & Drink,Fast Food,,,,,,,
2019/12/24,,,-51.00,Signature purchase,false,MAGIC CITY HIPPIES,Magic City Hippies,Culture,Random Fun,,,,,,,
2019/12/23,,,-48.40,Signature purchase,false,TRADER JOE'S #350 QPS,Trader Joe's 350 Qps,Food & Drink,Groceries,,Salt Lake City,UT,84102,40.75925,-111.86371,
2019/12/23,,,-12.00,ACH,false,DEBIT FOR  VENMO            PAYMENT     CO REF- 2891676948,Venmo Payment,Uncategorized,Cash,,,,,,,
2019/12/23,,,-39.00,Signature purchase,false,SCOTTS CHEAP FLIGHTS,Scotts Cheap Flights,Travel,Tours & Cruises,,Boulder,CO,80302,40.02088,-105.29673,
2019/12/21,,,-24.28,Pin purchase,false,WAL-MART #5270,Wal Mart,Food & Drink,Groceries,585 NORTH STATE STREET,Lindon,UT,"",40.34329,-111.72076,
2019/12/21,,,9.63,Signature credit,false,CANYON FEVER AT MOONBEA,Canyon Fever at Moonbea,Food & Drink,Restaurants,,,,,,,
2019/12/20,,,-37.69,Pin purchase,false,SMITHS FOOD #407,Smiths Food,Food & Drink,Groceries,210 E. 700 SOUTH,Pleasant Grove,UT,"",40.36412,-111.73854,
2019/12/20,,,-64.26,Signature purchase,false,2ND TRACKS MILLCREEK,2Nd Tracks Millcreek,Sports & Fitness,Sporting Goods,,Salt Lake City,UT,84109,40.70575,-111.79973,
2019/12/20,,,-5.00,Signature purchase,false,WASATCH PROPANE,Wasatch Propane,Utilities,Gas & Fuel,,Salt Lake City,UT,84115,40.71811,-111.88938,
2019/12/20,,,-16.80,Pin purchase,false,WHOLEFDS SUH 104 1131 E.,Wholefds Suh,Food & Drink,Groceries,,Salt Lake City,UT,"",40.70491,-111.87924,
2019/12/20,,,-2.99,Pin purchase,false,BARNESNOBLE 1104 East 210,Barnesnoble,Food & Drink,Fast Food,,Salt Lake City,UT,"",40.70491,-111.87924,
2019/12/20,,,-18.31,Pin purchase,false,BARNESNOBLE 1104 East 210,Barnesnoble,Culture,Books,,Salt Lake City,UT,"",40.70491,-111.87924,
2019/12/19,,,-51.47,Signature purchase,false,Amazon.com*MN6H88003     Amzn.com/billWA,Amazon.com Mn6H88003 Amzn.com billWA,Home,Other Home,,,,,,,
2019/12/18,,,-258.03,Pin purchase,false,WAL-MART #4208,Wal Mart,Food & Drink,Groceries,2705 E PARLEYS WAY,Salt Lake City,UT,"",40.70491,-111.87924,
2019/12/18,,,-280.97,Pin purchase,false,IKEA DRAPER,Ikea Draper,Home,Furnishings,,Draper,UT,84020,40.51484,-111.87294,
2019/12/18,,,-44.85,Pin purchase,false,MAVERIK #438,Maverik,Transportation,Gas,414 WEST 500 SOUTH,Salt Lake City,UT,"",40.70491,-111.87924,
2019/12/18,,,-9.63,Pin purchase,false,CANYON FEVER AT,Canyon Fever At,Food & Drink,Restaurants,1200 E BIG COTTONWOOD C,Salt Lake City,UT,"",,,
2019/12/18,,,-1392.46,ACH,false,DEBIT FOR  CAPITAL ONE      ONLINE PMT  CO REF- 935139910365319,Capital One Online Pmt,Financial,Credit Card Payment,,,,,,,
2019/12/18,,,-48.09,Pin purchase,false,SMITHS-FOOD #402,Smiths Food,Food & Drink,Groceries,922 E. 2100 SOUTH,Salt Lake City,UT,"",40.70491,-111.87924,
2019/12/18,,,-128.70,Signature purchase,false,AMZN Mktp US*959TW21Z3   Amzn.com/billWA,Amzn Mktp Us 959Tw21Z3 Amzn.com billWA,Home,Other Home,,,,,,,
2019/12/17,,,-2.91,Signature purchase,false,DUNKIN #352088 Q35,Dunkin 352088 Q35,Food & Drink,Fast Food,,Salt Lake City,UT,84106,40.70625,-111.85657,
2019/12/16,,,-9.00,Signature purchase,false,POWDER KEG BAR,Powder Keg Bar,Food & Drink,Alcohol & Bars,,Eden,UT,84310,41.3005,-111.81216,
2019/12/16,,,-40.00,Signature purchase,false,POWDER MOUNTAIN SERVER,Powder Mountain Server,Sports & Fitness,Other Sports & Fitness,"",Eden,UT,84310,,,
2019/12/16,,,2050.00,ACH,false,CREDIT FOR CAPITAL ONE N.A. CAPITALONE  CO REF- 000000068898663,Capital One N a Capitalone,Income,Other Income,,,,,,,
2019/12/16,,,-21.00,Signature purchase,false,Templin Family Brewing,Templin Family Brewing,Food & Drink,Alcohol & Bars,,Salt Lake City,UT,84101,40.76078,-111.89105,
2019/12/14,,,-4.88,Signature purchase,false,SOLITUDE GENERAL STORE,Solitude General Store,Culture,Random Fun,,,,,,,
2019/12/14,,,-5.00,Signature purchase,false,MOONBEAM LOT,Moonbeam Lot,Transportation,Parking & Tolls,,,,,,,
2019/12/14,,,-97.13,Pin purchase,false,SMITHS FOOD #408,Smiths Food,Food & Drink,Groceries,829 S. 9TH WEST,Salt Lake City,UT,"",40.70491,-111.87924,
2019/12/14,,,-107.74,Pin purchase,false,O'REILLY AUTO PARTS 2694,O'reilly Auto Parts,Transportation,Auto Supplies,,Salt Lake City,UT,84111,40.76078,-111.89105,
2019/12/14,,,-63.12,Signature purchase,false,CHEVRON 0200218          SALT LAKE CITUT,Chevron 0200218 Salt Lake Citut,Transportation,Gas,,,,,,,
2019/12/13,,,-310.47,Signature purchase,false,AIRBNB * HMRNED2MR9,Airbnb Hmrned2Mr9,Travel,Hotels,,San Francisco,CA,94103,37.77493,-122.41942,
2019/12/13,,,-11.54,Signature purchase,false,HOSTEL WORLD,Hostel World,Travel,Tours & Cruises,,,,,,,
2019/12/13,,,-0.12,Fee,false,HOSTEL WORLD,Hostel World,Travel,Tours & Cruises,,,,,,,
2019/12/13,,,-550.00,Protected goal account transfer,false,Protected Goal Account Transfer,Protected Goal Account Transfer,Financial,Money Transfers,,,,,,,
2019/12/13,,,-2050.00,Protected goal account transfer,false,Protected Goal Account Transfer,Protected Goal Account Transfer,Financial,Money Transfers,,,,,,,
2019/12/13,,,-400.00,Protected goal account transfer,false,Protected Goal Account Transfer,Protected Goal Account Transfer,Financial,Money Transfers,,,,,,,
2019/12/12,,,-9.46,Pin purchase,false,WHOLEFDS SUH 104 1131 E.,Wholefds Suh,Food & Drink,Groceries,,Salt Lake City,UT,"",40.70491,-111.87924,
2019/12/12,,,107.74,Refund,false,1169 WILMINGTON AV,1169 Wilmington Av,Uncategorized,Cash,,,,,,,
2019/12/12,,,-20.00,ACH,false,DEBIT FOR  MPPSALTLAKECITYS PURCHASE    CO REF- 60387871,Mppsaltlakecitys Purchase,Financial,Money Transfers,,,,,,,
2019/12/12,,,-151.37,Pin purchase,false,BEDBATH&BEYOND# 1169 WILM,Bedbath&Beyond,Home,Furnishings,,Salt Lake City,UT,"",40.70491,-111.87924,
2019/12/12,,,-5.14,Pin purchase,false,WHOLEFDS SUH 104 1131 E.,Wholefds Suh,Food & Drink,Groceries,,Salt Lake City,UT,"",40.70491,-111.87924,
2019/12/12,,,-25.84,Signature purchase,false,STATE LIQUOR STORE 02,State Liquor Store,Food & Drink,Alcohol & Bars,,Salt Lake City,UT,84106,40.70625,-111.85657,
2019/12/12,,,-83.00,Signature purchase,false,SLC PERMITS/TICKETS      801-535-6095 UT,Slc Permits Tickets 801 535 6095 Ut,Transportation,Parking Tickets,,,,,,,
2019/12/11,,,-9.68,Signature purchase,false,Oh Mai Downtown,Oh Mai Downtown,Food & Drink,Restaurants,,Salt Lake City,UT,84111,40.76078,-111.89105,
2019/12/10,,,-11.00,Signature purchase,false,POWDER KEG BAR,Powder Keg Bar,Food & Drink,Alcohol & Bars,,Eden,UT,84310,41.3005,-111.81216,
2019/12/10,,,-20.00,Signature purchase,false,POWDER MOUNTAIN SERVER,Powder Mountain Server,Sports & Fitness,Other Sports & Fitness,"",Eden,UT,84310,,,
2019/12/10,,,-124.88,Signature purchase,false,THE FRONT CLIMBING GYM,The Front Climbing Gym,Sports & Fitness,Memberships,,Salt Lake City,UT,84115,40.71811,-111.88938,
2019/12/10,,,400.00,ACH,false,CREDIT FOR CAPITAL ONE N.A. CAPITALONE  CO REF- 000000068898663,Capital One N a Capitalone,Income,Other Income,,,,,,,
2019/12/10,,,-51.80,Pin purchase,false,SMITHS-FOOD #402,Smiths Food,Food & Drink,Groceries,922 E. 2100 SOUTH,Salt Lake City,UT,"",40.70491,-111.87924,
2019/12/09,,,-23.15,Pin purchase,false,ONE MORE NOODLE HOUSE,One More Noodle House,Food & Drink,Restaurants,3370 S STATE ST 5,South Salt Lake,UT,"",40.70565,-111.89862,
2019/12/09,,,-10.00,ACH,false,DEBIT FOR  VENMO            PAYMENT     CO REF- 2833780464,Venmo Payment,Uncategorized,Cash,,,,,,,
2019/12/09,,,62.00,ACH,false,CREDIT FOR VENMO            CASHOUT     CO REF- 2834704452,Venmo Cashout,Income,Other Income,,,,,,,
2019/12/09,,,-9.69,ACH,false,DEBIT FOR  CAPITAL ONE      MOBILE PMT  CO REF- 934039801191930,Capital One Mobile Pmt,Uncategorized,Cash,,,,,,,
2019/12/08,,,-17.23,Pin purchase,false,SMITHS MRKTPL #4,Smiths Mrktpl,Food & Drink,Groceries,455 S. 500 E.,Salt Lake City,UT,"",40.70491,-111.87924,
2019/12/08,,,-50.00,Signature purchase,false,SLC Eatery,Slc Eatery,Food & Drink,Restaurants,,Salt Lake City,UT,84111,40.76078,-111.89105,
2019/12/08,,,-12.92,Pin purchase,false,WALGREENS STORE 531 E 400,Walgreens Store,Health & Medical,Pharmacies,,Salt Lake City,UT,"",40.70491,-111.87924,
2019/12/08,,,-13.77,Pin purchase,false,WENDYS #6082,Wendys,Food & Drink,Fast Food,2240 S 1300 EAST,Salt Lake City,UT,"",40.70491,-111.87924,
2019/12/06,,,-2.50,Fee,false,SURCHARGE FEE-MOUNTAIN AMERIC,ATM Fee,Fees,ATM Fees,,,,,,,
2019/12/06,,,-200.00,Atm withdrawal,false,MOUNTAIN AMERIC                          ATM -AT 451 S STATE        SLC       UT,Mountain Americ ATM At,Uncategorized,Cash,,,,,,,
2019/12/06,,,-2.25,Signature purchase,false,PAY STATIONS MOBILE,Pay Stations Mobile,Transportation,Parking & Tolls,"",Salt Lake City,UT,84111,,,
2019/12/06,,,-19.25,Signature purchase,false,SQ *PUBLIK KITCHEN,Publik Kitchen,Food & Drink,Restaurants,,Salt Lake City,UT,84105,40.73713,-111.86044,
2019/12/06,,,-215.00,ACH,false,DEBIT FOR  VENMO            PAYMENT     CO REF- 2821580895,Venmo Payment,Children,Activities,,,,,,,Reunion
2019/12/06,,,-15.00,ACH,false,DEBIT FOR  VENMO            PAYMENT     CO REF- 2821233354,Venmo Payment,Uncategorized,Cash,,,,,,,
2019/12/06,,,100.00,ACH,false,CREDIT FOR VENMO            CASHOUT     CO REF- 2821231040,Venmo Cashout,Income,Other Income,,,,,,,
2019/12/05,,,5.49,Protected goal account transfer,false,Protected Goal Account Transfer,Protected Goal Account Transfer,Financial,Money Transfers,,,,,,,
2019/12/05,,,-345.21,ACH,false,DEBIT FOR  VENMO            PAYMENT     CO REF- 2815832164,Venmo Payment,Children,Activities,,,,,,,
2019/12/04,,,-131.22,Pin purchase,false,SMITHS MRKTPL #4,Smiths Mrktpl,Food & Drink,Groceries,455 S. 500 E.,Salt Lake City,UT,"",40.70491,-111.87924,
2019/12/04,,,-20.00,ACH,false,DEBIT FOR  MPPSALTLAKECITYS PURCHASE    CO REF- 60190414,Mppsaltlakecitys Purchase,Financial,Money Transfers,,,,,,,
2019/12/04,,,-27.92,Signature purchase,false,TST* THE COPPER,The Copper,Food & Drink,Restaurants,,Salt Lake City,UT,84111,40.76078,-111.89105,
2019/12/04,,,-19.40,Signature purchase,false,TST* COPPER COMM,Copper Comm,Food & Drink,Restaurants,,Salt Lake City,UT,84111,40.76078,-111.89105,
2019/12/04,,,-55.83,Signature purchase,false,CHEVRON 0205178          SANDY        UT,Chevron 0205178 Sandy Ut,Transportation,Gas,,,,,,,
2019/12/03,,,-9.99,Signature purchase,false,APPLE.COM/BILL,Apple.com Bill,Sports & Fitness,Sporting Goods,,,,,,,
2019/12/03,,,-14.00,Signature purchase,false,Templin Family Brewing,Templin Family Brewing,Food & Drink,Alcohol & Bars,,Salt Lake City,UT,84101,40.76078,-111.89105,
2019/12/03,,,-20.63,Signature purchase,false,SQ *RUMSY'S,Rumsy's,Food & Drink,Fast Food,,Salt Lake City,UT,84115,40.71811,-111.88938,
2019/12/02,,,-269.80,Pin purchase,false,JT AUTOMOTIVE 2205 S 900,Jt Automotive,Transportation,Auto Services,,Salt Lake City,UT,"",40.70491,-111.87924,
2019/12/02,,,-386.50,Signature purchase,false,AIRBNB * HMAQQ42EXQ,Airbnb Hmaqq42Exq,Travel,Hotels,,San Francisco,CA,94103,37.77493,-122.41942,
2019/12/02,,,-54.00,Signature purchase,false,MAVERIK #362             CEDAR CITY   UT,Maverik 362 Cedar City Ut,Transportation,Gas,,,,,,,
2019/12/01,,,-13.93,Pin purchase,false,FRESH MARKET 21ST SOUTH,Fresh Market 21St South,Food & Drink,Groceries,2040 SOUTH 23RD EAST,Salt Lake City,UT,"",40.70491,-111.87924,
2019/12/01,,,-18.92,Pin purchase,false,FRESH MARKET 17TH SOUTH,Fresh Market 17Th South,Food & Drink,Groceries,1638 SOUTH 9TH EAST,Salt Lake City,UT,"",40.70491,-111.87924,
2019/12/01,,,-5.44,Signature purchase,false,LITTLE CAESARS 0,Little Caesars,Food & Drink,Fast Food,,Salt Lake City,UT,84109,40.70575,-111.79973,
2019/11/30,,,-17.80,Signature purchase,false,CARL'S JR #1102392,Carl's Jr,Food & Drink,Fast Food,,Beaver,UT,84713,38.27691,-112.64105,
2019/11/30,,,0.07,Interest credit,false,IOD INTEREST PAID,Interest Credit,Income,Interest,,,,,,,
2019/11/30,,,-30.99,Signature purchase,false,COTTONWOOD INN           ENTERPRISE   UT,Cottonwood Inn Enterprise Ut,Travel,Hotels,,,,,,,
2019/11/29,,,-115.00,Signature purchase,false,CUBES MILLCREEK,Cubes Millcreek,Home,Storage,,Salt Lake City,UT,84106,40.70625,-111.85657,
2019/11/29,,,-28.29,Signature purchase,false,CHEVRON 0301989          DRAPER       UT,Chevron 0301989 Draper Ut,Transportation,Gas,,,,,,,
2019/11/28,,,-153.71,Signature purchase,false,AIRBNB * HMAESWRD8E,Airbnb Hmaeswrd8E,Travel,Hotels,,,,,,,
2019/11/28,,,-16.08,Signature purchase,false,Spotify USA,Spotify,Technology,Online Services,,,,,,,
2019/11/28,,,-154.08,Pin purchase,false,SMITHS FOOD #404,Smiths Food,Food & Drink,Groceries,633 SOUTH MAIN,Cedar City,UT,"",37.71456,-113.11373,
2019/11/27,,,-45.23,Signature purchase,false,STATE LIQUOR STORE 04,State Liquor Store,Food & Drink,Alcohol & Bars,,Salt Lake City,UT,84108,40.74465,-111.81123,
2019/11/27,,,-60.00,ACH,false,DEBIT FOR  VENMO            PAYMENT     CO REF- 2785706374,Venmo Payment,Uncategorized,Cash,,,,,,,
2019/11/27,,,-7.74,Signature purchase,false,ARBYS #1484 PRIC,Arbys 1484 Pric,Food & Drink,Fast Food,,Price,UT,84501,39.59941,-110.81071,
2019/11/27,,,-61.87,Pin purchase,false,WM SUPERCENTER #,Wm Supercenter,Transportation,Gas,,Price,UT,"",39.59941,-110.81071,
2019/11/27,,,-40.91,Signature purchase,false,FAST GAS #7              SPANISH FORK UT,Fast Gas 7 Spanish Fork Ut,Transportation,Gas,,,,,,,
2019/11/26,,,-60.52,Signature purchase,false,STATE FARM INSURANCE,State Farm Insurance,Transportation,Auto Insurance,,Bloomington,IL,61710,40.47773,-88.95417,
2019/11/26,,,-20.00,ACH,false,DEBIT FOR  MPPSALTLAKECITYS PURCHASE    CO REF- 59898037,Mppsaltlakecitys Purchase,Financial,Money Transfers,,,,,,,
2019/11/24,,,-11.56,Signature purchase,false,ARBYS #942 WEST,Arbys 942 West,Food & Drink,Fast Food,,West Valley City,UT,84119,40.68849,-112.01176,
2019/11/24,,,-122.88,Pin purchase,false,FRESH MARKET GRANGER,Fresh Market Granger,Food & Drink,Groceries,3555 WEST 3500 SOUTH,Pine Valley,UT,"",37.39109,-113.51412,
2019/11/24,,,4000.00,Protected goal account transfer,false,Protected Goal Account Transfer,Protected Goal Account Transfer,Financial,Money Transfers,,,,,,,
2019/11/24,,,-14.97,Signature purchase,false,BCY*BACKCOUNTRY.COM,Backcountry.com,Sports & Fitness,Sporting Goods,,,,,,,
2019/11/24,,,-21.54,Pin purchase,false,O'REILLY AUTO PARTS 2694,O'reilly Auto Parts,Transportation,Auto Supplies,,Salt Lake City,UT,84111,40.76078,-111.89105,
2019/11/24,,,-53.45,Pin purchase,false,SPROUTS FARMERS MKT#603,Sprouts Farmers Mkt,Food & Drink,Groceries,216 S 700 EAST,Salt Lake City,UT,"",40.70491,-111.87924,
2019/11/23,,,-8.61,Signature purchase,false,APPLE.COM/BILL,Apple.com Bill,Sports & Fitness,Sporting Goods,,,,,,,Daylio
2019/11/23,,,-37.04,Signature purchase,false,Post Office,Post Office,Food & Drink,Alcohol & Bars,,,,,,,
2019/11/23,,,-3.60,Signature purchase,false,PAY STATIONS MOBILE,Pay Stations Mobile,Transportation,Parking & Tolls,"",Salt Lake City,UT,84111,,,
2019/11/23,,,-14.69,Pin purchase,false,WHOLEFDS TSQ 102 544 SOUT,Wholefds Tsq,Food & Drink,Groceries,,Salt Lake City,UT,"",40.70491,-111.87924,
2019/11/22,,,-15.00,Pin purchase,false,SALT LAKE SUGARHOUSE DI,Salt Lake Sugarhouse Di,Personal,Clothing,,Salt Lake City,UT,84106,40.70625,-111.85657,
2019/11/22,,,-10.33,Signature purchase,false,UPTOWN CHEAPSKATE SUGAR,Uptown Cheapskate Sugar,Personal,Clothing,,Salt Lake City,UT,84106,40.70625,-111.85657,
2019/11/22,,,-5.00,ACH,false,DEBIT FOR  VENMO            PAYMENT     CO REF- 2766246253,Venmo Payment,Uncategorized,Cash,,,,,,,
2019/11/22,,,-5.00,ACH,false,DEBIT FOR  VENMO            PAYMENT     CO REF- 2766165131,Venmo Payment,Uncategorized,Cash,,,,,,,
2019/11/22,,,-5.00,ACH,false,DEBIT FOR  VENMO            PAYMENT     CO REF- 2765938953,Venmo Payment,Uncategorized,Cash,,,,,,,
2019/11/21,,,-10.76,Pin purchase,false,ECLAIR FRENCH PASTRY,Eclair French Pastry,Food & Drink,Other Food & Drink,2112 EAST 1300 SOUTH,Salt Lake City,UT,"",40.70491,-111.87924,
2019/11/21,,,-1.83,Pin purchase,false,DAN'S FOODS #08,Dan's Foods,Food & Drink,Groceries,1360 S FOOTHILL,Salt Lake City,UT,"",40.70491,-111.87924,
2019/11/21,,,-42.64,Signature purchase,false,Amazon Payments,Amazon Payments,Culture,Books,,Seattle,WA,98104,47.60621,-122.33207,
2019/11/20,,,-188.57,Signature purchase,false,WARBY PARKER,Warby Parker,Health & Medical,Eyes,,New York City,NY,10013,40.76147,-73.98489,
2019/11/19,,,-29.00,Signature purchase,false,SUPERPROF - STUDENT PA,Superprof Student Pa,Business,Business Services,,,,,,,
2019/11/19,,,-0.29,Fee,false,SUPERPROF - STUDENT PA,Superprof Student Pa,Business,Business Services,,,,,,,
2019/11/19,,,-7.52,Signature purchase,false,SQ *RUMSY'S,Rumsy's,Food & Drink,Fast Food,,Salt Lake City,UT,84115,40.71811,-111.88938,
2019/11/19,,,-10.00,ACH,false,DEBIT FOR  VENMO            PAYMENT     CO REF- 2754759540,Venmo Payment,Uncategorized,Cash,,,,,,,
2019/11/19,,,40.00,ACH,false,CREDIT FOR VENMO            CASHOUT     CO REF- 2754989135,Venmo Cashout,Income,Other Income,,,,,,,
2019/11/19,,,-17.00,ACH,false,DEBIT FOR  VENMO            PAYMENT     CO REF- 2753194394,Venmo Payment,Uncategorized,Cash,,,,,,,
2019/11/19,,,-26.93,Pin purchase,false,SMITHS MRKTPL #4,Smiths Mrktpl,Food & Drink,Groceries,455 S. 500 E.,Salt Lake City,UT,"",40.70491,-111.87924,
2019/11/19,,,-88.41,Pin purchase,false,DAN'S FOODS #08,Dan's Foods,Food & Drink,Groceries,1360 S FOOTHILL,Salt Lake City,UT,"",40.70491,-111.87924,
2019/11/18,,,-9.62,Pin purchase,false,SAVERS - 1169,Savers,Personal,Clothing,,Salt Lake City,UT,84109,40.70575,-111.79973,
2019/11/18,,,-48.21,Pin purchase,false,REI #19 SALT LAKE CITY,REI 19 Salt Lake City,Sports & Fitness,Sporting Goods,,Salt Lake City,UT,84109,40.70575,-111.79973,
2019/11/18,,,-17.66,Signature purchase,false,THAI GARDEN BISTRO,Thai Garden Bistro,Food & Drink,Restaurants,,Salt Lake City,UT,84105,40.73713,-111.86044,
2019/11/18,,,-5.64,Pin purchase,false,THE HOME DEPOT #4403,The Home Depot,Home,Repairs & Improvement,,Salt Lake City,UT,84115,40.71811,-111.88938,
2019/11/18,,,-29.60,Signature purchase,false,SERVICE CENTER           FRUITA       CO,Service Center Fruita Co,Transportation,Gas,,,,,,,
2019/11/18,,,-49.51,Signature purchase,false,MAVERIK CNTRY STRE       MOAB         UT,Maverik Cntry Stre Moab Ut,Transportation,Gas,,,,,,,
2019/11/18,,,-52.31,Pin purchase,false,WAL-MART #3988,Wal Mart,Transportation,Gas,898 S 2250 E,Spanish Fork,UT,"",40.11496,-111.65492,
2019/11/18,,,-6.99,Signature purchase,false,ARBYS #1484 PRIC,Arbys 1484 Pric,Food & Drink,Fast Food,,Price,UT,84501,39.59941,-110.81071,
2019/11/16,,,-12.98,Signature purchase,false,FRUITA LIQUOR MART,Fruita Liquor Mart,Food & Drink,Alcohol & Bars,,Fruita,CO,81521,39.15887,-108.72899,
2019/11/14,,,-21.74,Signature purchase,false,MOAB GEAR TRADER LLC,Moab Gear Trader,Sports & Fitness,Sporting Goods,,Moab,UT,84532,38.57332,-109.54984,
2019/11/14,,,-36.30,Pin purchase,false,CITY-MARKET #041,City Market,Food & Drink,Groceries,4250 S. MAIN,Moab,UT,"",38.57332,-109.54984,
2019/11/14,,,-11.88,Signature purchase,false,Moab Diner,Moab Diner,Food & Drink,Restaurants,,Moab,UT,84532,38.57332,-109.54984,
2019/11/13,,,-20.00,ACH,false,DEBIT FOR  MPPSALTLAKECITYS PURCHASE    CO REF- 59569991,Mppsaltlakecitys Purchase,Financial,Money Transfers,,,,,,,
2019/11/13,,,-52.36,Signature purchase,false,CHEVRON 0204564          LEHI         UT,Chevron 0204564 Lehi Ut,Transportation,Gas,,,,,,,
2019/11/12,,,-20.00,ACH,false,DEBIT FOR  MPPSALTLAKECITYS PURCHASE    CO REF- 59538592,Mppsaltlakecitys Purchase,Financial,Money Transfers,,,,,,,
2019/11/12,,,-3.08,Pin purchase,false,CITY-MARKET #041 4250 S.,City Market,Food & Drink,Groceries,,Moab,UT,"",38.57332,-109.54984,
2019/11/11,,,-7.65,Signature purchase,false,PACO S TACOS,Paco S Tacos,Food & Drink,Restaurants,,Lehi,UT,84043,40.39162,-111.85077,
2019/11/11,,,-52.71,Pin purchase,false,SMITHS MRKTPL #4,Smiths Mrktpl,Food & Drink,Groceries,3215 S. VALLEY ST.,Salt Lake City,UT,"",40.70491,-111.87924,
2019/11/11,,,18.08,Refund,false,3215 S. VALLEY ST.,3215 S Valley St,Uncategorized,Cash,,,,,,,
2019/11/11,,,-71.59,Pin purchase,false,SMITHS MRKTPL #4,Smiths Mrktpl,Food & Drink,Groceries,3215 S. VALLEY ST.,Salt Lake City,UT,"",40.70491,-111.87924,
2019/11/11,,,-137.25,Pin purchase,false,SMITHS MRKTPL #4,Smiths Mrktpl,Food & Drink,Groceries,3215 S. VALLEY ST.,Salt Lake City,UT,"",40.70491,-111.87924,
2019/11/11,,,133.05,Refund,false,VENMO*Hess Sean,Venmo Hess Sean,Uncategorized,Cash,,,,,,,
2019/11/10,,,-26.30,Signature purchase,false,SQ *TINKER'S CAT CAFE,Tinker's Cat Cafe,Health & Medical,Other Health & Medical,,Salt Lake City,UT,84105,40.73713,-111.86044,
2019/11/10,,,-124.88,Signature purchase,false,THE FRONT CLIMBING GYM,The Front Climbing Gym,Sports & Fitness,Memberships,,Salt Lake City,UT,84115,40.71811,-111.88938,
2019/11/10,,,-19.25,Signature purchase,false,WILLIE'S LOUNGE,Willie's Lounge,Food & Drink,Alcohol & Bars,,Salt Lake City,UT,84115,40.71811,-111.88938,
2019/11/09,,,-52.25,Pin purchase,false,DAN'S FOODS #08,Dan's Foods,Food & Drink,Groceries,1360 S FOOTHILL,Salt Lake City,UT,"",40.70491,-111.87924,
2019/11/09,,,-19.38,Pin purchase,false,DAN'S FOODS #08,Dan's Foods,Food & Drink,Groceries,1360 S FOOTHILL,Salt Lake City,UT,"",40.70491,-111.87924,
2019/11/09,,,-3.33,Signature purchase,false,TOP STOP C-14,Top Stop C,Transportation,Gas,,Salt Lake City,UT,84108,40.74465,-111.81123,
2019/11/09,,,-28.01,Signature purchase,false,TST* CHEDDA BURG,Chedda Burg,Food & Drink,Restaurants,,Salt Lake City,UT,84108,40.74465,-111.81123,
2019/11/08,,,-53.23,Pin purchase,false,WALGREENS STORE 909 E 210,Walgreens Store,Health & Medical,Pharmacies,,Salt Lake City,UT,"",40.70491,-111.87924,
2019/11/08,,,-8.36,Signature purchase,false,SQ *THE BAGEL PROJECT,The Bagel Project,Food & Drink,Other Food & Drink,,Salt Lake City,UT,84111,40.76078,-111.89105,
2019/11/08,,,-120.00,Signature purchase,false,SQ *REV PHYSICAL THERAP,Rev Physical Therap,Health & Medical,Other Health & Medical,,Salt Lake City,UT,84111,40.76078,-111.89105,
2019/11/07,,,-36.90,Signature purchase,false,SON OF OAK GAME STUDIO,Son of Oak Game Studio,Personal,Hobbies,,Grandville,MI,49418,42.89171,-85.76466,
2019/11/07,,,-41.30,Signature purchase,false,AMZN MKTP US AMZN.COM/,Amzn Mktp Us Amzn.com,Culture,Books,,Seattle,WA,98104,47.60621,-122.33207,
2019/11/07,,,-33.97,Pin purchase,false,DAN'S FOODS #08,Dan's Foods,Food & Drink,Groceries,1360 S FOOTHILL,Salt Lake City,UT,"",40.70491,-111.87924,
2019/11/07,,,-28.00,Signature purchase,false,STATE LIQUOR STORE 04,State Liquor Store,Food & Drink,Alcohol & Bars,,Salt Lake City,UT,84108,40.74465,-111.81123,
2019/11/05,,,-2.25,Signature purchase,false,PAY STATIONS MOBILE,Pay Stations Mobile,Transportation,Parking & Tolls,"",Salt Lake City,UT,84111,,,
2019/11/05,,,-18.77,Signature purchase,false,THE GREEN PIG PUB,The Green Pig Pub,Food & Drink,Restaurants,,Salt Lake City,UT,84111,40.76078,-111.89105,
2019/11/05,,,-17.94,Signature purchase,false,SQ *BARRIO,Barrio,Food & Drink,Restaurants,,Salt Lake City,UT,84111,40.76078,-111.89105,
2019/11/04,,,-6.86,Signature purchase,false,WASATCH PROPANE,Wasatch Propane,Utilities,Gas & Fuel,,Salt Lake City,UT,84115,40.71811,-111.88938,
2019/11/04,,,-63.83,Pin purchase,false,TRADER JOE'S #350 QPS,Trader Joe's 350 Qps,Food & Drink,Groceries,,Salt Lake City,UT,84102,40.75925,-111.86371,
2019/11/04,,,-94.17,Signature purchase,false,4TH S ACE HARDWARE,4Th S Ace Hardware,Home,Repairs & Improvement,,,,,,,
2019/11/04,,,-37.69,Pin purchase,false,O'REILLY AUTO PARTS 2694,O'reilly Auto Parts,Transportation,Auto Supplies,,Salt Lake City,UT,84111,40.76078,-111.89105,
2019/11/04,,,-82.95,Signature purchase,false,INTERMOUNTAIN HEALTHCAR,Intermountain Healthcar,Health & Medical,Other Health & Medical,,,,,,,
2019/11/04,,,-40.53,Pin purchase,false,SPEEDWAY 09424 3 3301 SOU,Speedway,Transportation,Gas,,Salt Lake City,UT,"",40.70491,-111.87924,
2019/11/03,,,-8.16,Pin purchase,false,THE HOME DEPOT #4403,The Home Depot,Home,Repairs & Improvement,,Salt Lake City,UT,84115,40.71811,-111.88938,
2019/11/03,,,-14.39,Pin purchase,false,SMITHS FOOD #404,Smiths Food,Food & Drink,Groceries,876 E. 800 SOUTH,Salt Lake City,UT,"",40.70491,-111.87924,
2019/11/03,,,-9.99,Signature purchase,false,APPLE.COM/BILL,Apple.com Bill,Technology,Online Services,,,,,,,
2019/11/03,,,-12.88,Signature purchase,false,TST* WATER WITCH,Water Witch,Food & Drink,Restaurants,,Salt Lake City,UT,84101,40.76078,-111.89105,
2019/11/02,,,-9.84,Signature purchase,false,CAFE RIO SANDY,Cafe Rio Sandy,Food & Drink,Restaurants,,Sandy,UT,84094,40.57204,-111.86056,
2019/11/02,,,904.36,Protected goal account transfer,false,Protected Goal Account Transfer,Protected Goal Account Transfer,Financial,Money Transfers,,,,,,,
2019/11/02,,,500.00,Protected goal account transfer,false,Protected Goal Account Transfer,Protected Goal Account Transfer,Financial,Money Transfers,,,,,,,
2019/11/02,,,-45.52,Signature purchase,false,AMZN MKTP US AMZN.COM/,Amzn Mktp Us Amzn.com,Culture,Books,,Seattle,WA,98104,47.60621,-122.33207,
2019/11/01,,,-60.12,Signature purchase,false,GET AIR SALT LAKE LLC,Get Air Salt Lake,Sports & Fitness,Camping,"",Roy,UT,84067,,,
2019/11/01,,,-27.27,Pin purchase,false,THE STORE,The Store,Food & Drink,Groceries,2050 E 6200 S,Salt Lake City,UT,"",40.70491,-111.87924,
2019/11/01,,,-17.00,Signature purchase,false,EB *PATRICK SWEANY,Patrick Sweany,Culture,Random Fun,,San Francisco,CA,94103,37.77493,-122.41942,
2019/11/01,,,-120.00,Signature purchase,false,SQ *REV PHYSICAL THERAP,Rev Physical Therap,Health & Medical,Other Health & Medical,,Salt Lake City,UT,84111,40.76078,-111.89105,
2019/11/01,,,20.78,Refund,false,THE HOME DEPOT #44,The Home Depot,Home,Repairs & Improvement,,,,,,,
2019/11/01,,,-23.41,Pin purchase,false,THE HOME DEPOT #4403,The Home Depot,Home,Repairs & Improvement,,Salt Lake City,UT,84115,40.71811,-111.88938,
2019/11/01,,,60.29,Refund,false,THE HOME DEPOT #44,The Home Depot,Home,Repairs & Improvement,,,,,,,
2019/11/01,,,-87.17,Signature purchase,false,WASATCH PROPANE,Wasatch Propane,Utilities,Gas & Fuel,,Salt Lake City,UT,84115,40.71811,-111.88938,
2019/11/01,,,-20.00,ACH,false,DEBIT FOR  MPPSALTLAKECITYS PURCHASE    CO REF- 59202326,Mppsaltlakecitys Purchase,Financial,Money Transfers,,,,,,,
2019/11/01,,,0.06,Interest credit,false,IOD INTEREST PAID,Interest Credit,Income,Interest,,,,,,,
2019/11/01,,,-27.14,Signature purchase,false,CAFE ZUPAS - SUGARHOUS,Cafe Zupas Sugarhous,Food & Drink,Restaurants,,Salt Lake City,UT,84106,40.70625,-111.85657,
2019/10/31,,,-13.99,Signature purchase,false,SHERWIN WILLIAMS 70816,Sherwin Williams,Home,Repairs & Improvement,,Salt Lake City,UT,84105,40.73713,-111.86044,
2019/10/31,,,-4000.00,Protected goal account transfer,false,Protected Goal Account Transfer,Protected Goal Account Transfer,Financial,Money Transfers,,,,,,,
2019/10/31,,,200.00,Protected goal account transfer,false,Protected Goal Account Transfer,Protected Goal Account Transfer,Financial,Money Transfers,,,,,,,
2019/10/31,,,1020.00,Protected goal account transfer,false,Protected Goal Account Transfer,Protected Goal Account Transfer,Financial,Money Transfers,,,,,,,
2019/10/31,,,5000.00,ACH,false,CREDIT FOR CAPITAL ONE N.A. CAPITALONE  CO REF- 000000147372134,Capital One N a Capitalone,Income,Other Income,,,,,,,
2019/10/31,,,-15.43,Pin purchase,false,DAN'S FOODS #08,Dan's Foods,Food & Drink,Groceries,1360 S FOOTHILL,Salt Lake City,UT,"",40.70491,-111.87924,
2019/10/31,,,-26.54,Pin purchase,false,DAN'S FOODS #08,Dan's Foods,Food & Drink,Groceries,1360 S FOOTHILL,Salt Lake City,UT,"",40.70491,-111.87924,
2019/10/30,,,-35.10,Pin purchase,false,WAL-MART #4208,Wal Mart,Food & Drink,Groceries,2705 E PARLEYS WAY,Salt Lake City,UT,"",40.70491,-111.87924,
2019/10/30,,,-24.12,Signature purchase,false,THE GEAR ROOM,The Gear Room,Sports & Fitness,Sporting Goods,,Cottonwood Heights,UT,84121,40.6153,-111.81518,
2019/10/30,,,-135.68,Pin purchase,false,THE HOME DEPOT #4403,The Home Depot,Home,Repairs & Improvement,,Salt Lake City,UT,84115,40.71811,-111.88938,
2019/10/30,,,-2.70,Signature purchase,false,PAY STATIONS MOBILE,Pay Stations Mobile,Transportation,Parking & Tolls,"",Salt Lake City,UT,84111,,,
2019/10/29,,,-600.00,Protected goal account transfer,false,Protected Goal Account Transfer,Protected Goal Account Transfer,Financial,Money Transfers,,,,,,,
2019/10/29,,,-14.14,Signature purchase,false,SQ *PIZZA NONO,Pizza Nono,Food & Drink,Restaurants,,Salt Lake City,UT,84105,40.73713,-111.86044,
2019/10/29,,,-13.81,Pin purchase,false,DAN'S FOODS #08,Dan's Foods,Food & Drink,Groceries,1360 S FOOTHILL,Salt Lake City,UT,"",40.70491,-111.87924,
2019/10/29,,,-27.06,Pin purchase,false,THE HOME DEPOT #4403,The Home Depot,Home,Repairs & Improvement,,Salt Lake City,UT,84115,40.71811,-111.88938,
2019/10/28,,,-33.47,Signature purchase,false,MAVERIK  #487            ST GEORGE    UT,Maverik 487 St George Ut,Transportation,Gas,,,,,,,
2019/10/28,,,-22.12,Signature purchase,false,MAVERIK CNTRY STRE 331   SALT LAKE CITUT,Maverik Cntry Stre,Transportation,Gas,,,,,,,
2019/10/28,,,-4.40,Pin purchase,false,WALGREENS STORE 531 E 400,Walgreens Store,Health & Medical,Pharmacies,,Salt Lake City,UT,"",40.70491,-111.87924,
2019/10/28,,,-16.08,Signature purchase,false,Spotify USA,Spotify,Sports & Fitness,Sporting Goods,,,,,,,
2019/10/27,,,-28.11,Signature purchase,false,LEES DISCOUNT LIQUOR 10,Lees Discount Liquor,Food & Drink,Alcohol & Bars,,Mesquite,NV,89027,36.80553,-114.06719,
2019/10/25,,,-14.27,Signature purchase,false,LA COCINA,La Cocina,Food & Drink,Restaurants,,St. George,UT,84770,37.07606,-113.5805,
2019/10/25,,,-54.04,Pin purchase,false,MAVERIK #521,Maverik,Transportation,Gas,995 E ST GEORGE BLVD,St. George,UT,"",37.07606,-113.5805,
2019/10/25,,,-60.52,Signature purchase,false,STATE FARM INSURANCE,State Farm Insurance,Transportation,Auto Insurance,,Bloomington,IL,61710,40.47773,-88.95417,
2019/10/24,,,-64.50,Pin purchase,false,JT AUTOMOTIVE 2205 S 900,Jt Automotive,Transportation,Auto Services,,Salt Lake City,UT,"",40.70491,-111.87924,
2019/10/24,,,-35.78,Pin purchase,false,HOLIDAY #51,Holiday,Transportation,Gas,153 W 9000 S,Sandy,UT,"",40.61361,-111.8369,
2019/10/24,,,-35.07,Pin purchase,false,SMITHS MRKTPL #4,Smiths Mrktpl,Food & Drink,Groceries,1820 W. 9000 S.,West Jordan,UT,"",40.60955,-111.99422,
2019/10/23,,,-11.60,Signature purchase,false,RUMSYS,Rumsys,Food & Drink,Restaurants,,Salt Lake City,UT,84115,40.71811,-111.88938,
2019/10/22,,,-27.75,Pin purchase,false,LOWE'S #2275,Lowe's,Home,Repairs & Improvement,1335 SOUTH 300 WEST,Salt Lake City,UT,"",40.70491,-111.87924,
2019/10/22,,,-75.11,Pin purchase,false,SPROUTS FARMERS MKT#603,Sprouts Farmers Mkt,Food & Drink,Groceries,216 S 700 EAST,Salt Lake City,UT,"",40.70491,-111.87924,
2019/10/22,,,-10.36,Signature purchase,false,SQ *PIE HOLE,Pie Hole,Food & Drink,Restaurants,,Salt Lake City,UT,84111,40.76078,-111.89105,
2019/10/21,,,-3.75,Signature purchase,false,CHIPOTLE 0974,Chipotle,Food & Drink,Fast Food,,Salt Lake City,UT,84106,40.70625,-111.85657,
2019/10/18,,,-51.98,Pin purchase,false,MAVERIK #488,Maverik,Transportation,Gas,14814 SOUTH MINUTEMAN D,Draper,UT,"",40.51484,-111.87294,
2019/10/17,,,-2.77,Pin purchase,false,HARMONS AT EMIGRATION,Harmons at Emigration,Food & Drink,Groceries,1706 E 1300 SOUTH,Salt Lake City,UT,"",40.70491,-111.87924,
2019/10/17,,,-93.50,Pin purchase,false,DAN'S FOODS #08,Dan's Foods,Food & Drink,Groceries,1360 S FOOTHILL,Salt Lake City,UT,"",40.70491,-111.87924,
2019/10/15,,,-16.64,Pin purchase,false,FRESH MARKET 17TH SOUTH,Fresh Market 17Th South,Food & Drink,Groceries,1638 SOUTH 9TH EAS,Salt Lake City,UT,"",40.70491,-111.87924,
2019/10/15,,,-29.90,Signature purchase,false,SON OF OAK GAME STUDIO,Son of Oak Game Studio,Personal,Hobbies,,Grandville,MI,49418,42.89171,-85.76466,
2019/10/14,,,-54.46,Pin purchase,false,FRESH MARKET 21ST SOUTH,Fresh Market 21St South,Food & Drink,Groceries,2040 SOUTH 23RD EA,Salt Lake City,UT,"",40.70491,-111.87924,
2019/10/14,,,-38.59,Pin purchase,false,MAVERIK #316,Maverik,Transportation,Gas,1240 S 800 E,Orem,UT,"",40.23888,-111.62515,
2019/10/14,,,-11.85,Signature purchase,false,CHAT CHAT POKE BOWL LL,Chat Chat Poke Bowl Ll,Food & Drink,Fast Food,,Orem,UT,84097,40.30144,-111.67485,
2019/10/14,,,-40.00,Pin purchase,false,HOLLOW MOUNTAIN SINCLAIR,Hollow Mountain Sinclair,Transportation,Gas,40 NORTH SR 95,Hanksville,UT,"",38.2521,-110.8137,
2019/10/11,,,-15.05,Signature purchase,false,CHEVRON 0212096          SANDY        UT,Chevron 0212096 Sandy Ut,Transportation,Gas,,,,,,,
2019/10/11,,,-6.68,Signature purchase,false,PACO S TACOS,Paco S Tacos,Food & Drink,Restaurants,,Lehi,UT,84043,40.39162,-111.85077,
2019/10/11,,,-46.95,Pin purchase,false,MAVERIK #488,Maverik,Transportation,Gas,14814 SOUTH MINUTEMAN D,Draper,UT,"",40.51484,-111.87294,
2019/10/11,,,-56.80,Pin purchase,false,SMITHS-FOOD #402,Smiths Food,Food & Drink,Groceries,922 E. 2100 SOUTH,Salt Lake City,UT,"",40.70491,-111.87924,
2019/10/11,,,-62.00,ACH,false,DEBIT FOR  VENMO            PAYMENT     CO REF- 2597689932,Venmo Payment,Children,Activities,,,,,,,
2019/10/10,,,-25.01,Signature purchase,false,SQ *ZAATER AND ZAYTON,Zaater and Zayton,Food & Drink,Other Food & Drink,,Salt Lake City,UT,84104,40.75063,-111.94077,
2019/10/10,,,-2.50,Signature purchase,false,UTA-FRONTRUNNER TVM,Uta Frontrunner TVM,Transportation,Public Transit,,Salt Lake City,UT,84101,40.76078,-111.89105,
2019/10/10,,,-1.48,Pin purchase,false,WAL-MART #3589,Wal Mart,Food & Drink,Groceries,350 WEST HOPE AVE,Salt Lake City,UT,"",40.70491,-111.87924,
2019/10/10,,,-21.64,Signature purchase,false,The Kathmandu 2,The Kathmandu,Food & Drink,Restaurants,,Salt Lake City,UT,84115,40.71811,-111.88938,
2019/10/09,,,-46.66,Pin purchase,false,SMITHS MRKTPL #4,Smiths Mrktpl,Food & Drink,Groceries,455 S. 500 E.,Salt Lake City,UT,"",40.70491,-111.87924,
2019/10/09,,,500.00,Protected goal account transfer,false,Protected Goal Account Transfer,Protected Goal Account Transfer,Financial,Money Transfers,,,,,,,
2019/10/09,,,-40.00,ACH,false,DEBIT FOR  MPPSALTLAKECITYS PURCHASE    CO REF- 58698407,Mppsaltlakecitys Purchase,Financial,Money Transfers,,,,,,,
2019/10/09,,,-69.88,Pin purchase,false,TRADER JOE'S #350 QPS,Trader Joe's 350 Qps,Food & Drink,Groceries,,Salt Lake City,UT,84102,40.75925,-111.86371,
2019/10/07,,,-150.00,ACH,false,DEBIT FOR  VENMO            PAYMENT     CO REF- 2578903499,Venmo Payment,Children,Activities,,,,,,,
2019/10/06,,,-16.78,Pin purchase,false,SPROUTS FARMERS MKT#603,Sprouts Farmers Mkt,Food & Drink,Groceries,216 S 700 EAST,Salt Lake City,UT,"",40.70491,-111.87924,
2019/10/06,,,-7.54,Signature purchase,false,LAGOON,Lagoon,Food & Drink,Fast Food,,Farmington,UT,84025,40.9805,-111.88744,
2019/10/05,,,-13.00,Signature purchase,false,LAGOON WEB SITE,Lagoon Web Site,Culture,Random Fun,,Farmington,UT,84025,40.9805,-111.88744,
2019/10/05,,,-50.54,Pin purchase,false,ERNIE'S TOO BOUNTIFUL,Ernie's Too Bountiful,Transportation,Gas,2563 S MAIN ST,Bountiful,UT,"",40.91993,-111.99424,
2019/10/05,,,-51.35,Signature purchase,false,LAGOON WEB SITE,Lagoon Web Site,Culture,Random Fun,,Farmington,UT,84025,40.9805,-111.88744,
2019/10/04,,,-29.86,Pin purchase,false,TRADER JOE'S #350 QPS,Trader Joe's 350 Qps,Food & Drink,Groceries,,Salt Lake City,UT,84102,40.75925,-111.86371,
2019/10/04,,,-100.00,Signature purchase,false,SQ *FUTURE MOTION INC,Future Motion,Sports & Fitness,Sporting Goods,,,,,,,
2019/10/04,,,-3.26,Signature purchase,false,SQ *RUMSY'S,Rumsy's,Food & Drink,Fast Food,,Salt Lake City,UT,84115,40.71811,-111.88938,
2019/10/04,,,-3.26,Signature purchase,false,SQ *RUMSY'S,Rumsy's,Food & Drink,Fast Food,,Salt Lake City,UT,84115,40.71811,-111.88938,
2019/10/03,,,-27.92,Signature purchase,false,WASATCH PROPANE,Wasatch Propane,Utilities,Gas & Fuel,,Salt Lake City,UT,84115,40.71811,-111.88938,
2019/10/03,,,-11.84,Signature purchase,false,AMZN Mktp US,Amzn Mktp Us,Culture,Books,,,,,,,
2019/10/03,,,-12.82,Signature purchase,false,AMZN Mktp US,Amzn Mktp Us,Culture,Books,,,,,,,
2019/10/03,,,-19.29,Signature purchase,false,AMAZON.COM AMZN.COM/BI,Amazon.com Amzn.com Bi,Culture,Books,,Seattle,WA,98104,47.60621,-122.33207,
2019/10/03,,,-6.36,Pin purchase,false,SMITHS-FOOD #402 922 E. 2,Smiths Food,Food & Drink,Groceries,,Salt Lake City,UT,"",40.70491,-111.87924,
2019/10/03,,,-3.45,Pin purchase,false,SALT LAKE SUGARHOUSE DI,Salt Lake Sugarhouse Di,Personal,Clothing,,Salt Lake City,UT,84106,40.70625,-111.85657,
2019/10/03,,,-63.53,Signature purchase,false,STATE LIQUOR STORE 02,State Liquor Store,Food & Drink,Alcohol & Bars,,Salt Lake City,UT,84106,40.70625,-111.85657,
2019/10/03,,,-18.22,Signature purchase,false,AMAZON.COM AMZN.COM/BI,Amazon.com Amzn.com Bi,Culture,Books,,Seattle,WA,98104,47.60621,-122.33207,
2019/10/03,,,-9.99,Signature purchase,false,APL*ITUNES.COM/BILL,Itunes.com Bill,Sports & Fitness,Sporting Goods,,,,,,,
2019/10/03,,,-1450.00,Protected goal account transfer,false,Protected Goal Account Transfer,Protected Goal Account Transfer,Financial,Money Transfers,,,,,,,
2019/10/03,,,8000.00,ACH,false,CREDIT FOR CAPITAL ONE N.A. CAPITALONE  CO REF- 000000068898663,Capital One N a Capitalone,Income,Other Income,,,,,,,
2019/10/02,,,-1.84,Pin purchase,false,SMITHS-FOOD #402 922 E. 2,Smiths Food,Food & Drink,Groceries,,Salt Lake City,UT,"",40.70491,-111.87924,
2019/10/02,,,-53.00,Pin purchase,false,WALGREENS STORE 909 E 210,Walgreens Store,Health & Medical,Pharmacies,,Salt Lake City,UT,"",40.70491,-111.87924,
2019/10/02,,,-16.15,Pin purchase,false,GUTHRIE BICYCLE,Guthrie Bicycle,Transportation,Bicycle,,Salt Lake City,UT,84106,40.70625,-111.85657,
2019/10/02,,,-128.88,Pin purchase,false,SMITHS-FOOD #402,Smiths Food,Food & Drink,Groceries,922 E. 2100 SOUTH,Salt Lake City,UT,"",40.70491,-111.87924,
2019/10/01,,,-20.39,Signature purchase,false,ZAO ASIAN CAFE - SALT L,Zao Asian Cafe Salt L,Food & Drink,Restaurants,,Salt Lake City,UT,84102,40.75925,-111.86371,
